Node,Skill,Tier,AgeBand,PromptStyle,VisualApproach,Status
Sound Awareness,Loud vs Soft,1,2-3,"Simple words, expressive modeling, minimal text","Large icons, character animation, strong metaphors","Generic scaffold — prompt/visual must be refined per skill + tier; interaction demands come from Agency, not age"
Sound Awareness,Loud vs Soft,1,4-5,"Short phrases, descriptive language",Icons + light text labels,"Generic scaffold — prompt/visual must be refined per skill + tier; interaction demands come from Agency, not age"
Sound Awareness,Loud vs Soft,1,6-7,Musical vocabulary introduced,"Reduced metaphors, cleaner UI","Generic scaffold — prompt/visual must be refined per skill + tier; interaction demands come from Agency, not age"
Sound Awareness,Loud vs Soft,2,2-3,"Simple words, expressive modeling, minimal text","Large icons, character animation, strong metaphors","Generic scaffold — prompt/visual must be refined per skill + tier; interaction demands come from Agency, not age"
Sound Awareness,Loud vs Soft,2,4-5,"Short phrases, descriptive language",Icons + light text labels,"Generic scaffold — prompt/visual must be refined per skill + tier; interaction demands come from Agency, not age"
Sound Awareness,Loud vs Soft,2,6-7,Musical vocabulary introduced,"Reduced metaphors, cleaner UI","Generic scaffold — prompt/visual must be refined per skill + tier; interaction demands come from Agency, not age"
Sound Awareness,Loud vs Soft,3,2-3,"Simple words, expressive modeling, minimal text","Large icons, character animation, strong metaphors","Generic scaffold — prompt/visual must be refined per skill + tier; interaction demands come from Agency, not age"
Sound Awareness,Loud vs Soft,3,4-5,"Short phrases, descriptive language",Icons + light text labels,"Generic scaffold — prompt/visual must be refined per skill + tier; interaction demands come from Agency, not age"
Sound Awareness,Loud vs Soft,3,6-7,Musical vocabulary introduced,"Reduced metaphors, cleaner UI","Generic scaffold — prompt/visual must be refined per skill + tier; interaction demands come from Agency, not age"
Sound Awareness,Loud vs Soft,4,2-3,"Simple words, expressive modeling, minimal text","Large icons, character animation, strong metaphors","Generic scaffold — prompt/visual must be refined per skill + tier; interaction demands come from Agency, not age"
Sound Awareness,Loud vs Soft,4,4-5,"Short phrases, descriptive language",Icons + light text labels,"Generic scaffold — prompt/visual must be refined per skill + tier; interaction demands come from Agency, not age"
Sound Awareness,Loud vs Soft,4,6-7,Musical vocabulary introduced,"Reduced metaphors, cleaner UI","Generic scaffold — prompt/visual must be refined per skill + tier; interaction demands come from Agency, not age"
Sound Awareness,Long vs Short,1,2-3,"Simple words, expressive modeling, minimal text","Large icons, character animation, strong metaphors","Generic scaffold — prompt/visual must be refined per skill + tier; interaction demands come from Agency, not age"
Sound Awareness,Long vs Short,1,4-5,"Short phrases, descriptive language",Icons + light text labels,"Generic scaffold — prompt/visual must be refined per skill + tier; interaction demands come from Agency, not age"
Sound Awareness,Long vs Short,1,6-7,Musical vocabulary introduced,"Reduced metaphors, cleaner UI","Generic scaffold — prompt/visual must be refined per skill + tier; interaction demands come from Agency, not age"
Sound Awareness,Long vs Short,2,2-3,"Simple words, expressive modeling, minimal text","Large icons, character animation, strong metaphors","Generic scaffold — prompt/visual must be refined per skill + tier; interaction demands come from Agency, not age"
Sound Awareness,Long vs Short,2,4-5,"Short phrases, descriptive language",Icons + light text labels,"Generic scaffold — prompt/visual must be refined per skill + tier; interaction demands come from Agency, not age"
Sound Awareness,Long vs Short,2,6-7,Musical vocabulary introduced,"Reduced metaphors, cleaner UI","Generic scaffold — prompt/visual must be refined per skill + tier; interaction demands come from Agency, not age"
Sound Awareness,Long vs Short,3,2-3,"Simple words, expressive modeling, minimal text","Large icons, character animation, strong metaphors","Generic scaffold — prompt/visual must be refined per skill + tier; interaction demands come from Agency, not age"
Sound Awareness,Long vs Short,3,4-5,"Short phrases, descriptive language",Icons + light text labels,"Generic scaffold — prompt/visual must be refined per skill + tier; interaction demands come from Agency, not age"
Sound Awareness,Long vs Short,3,6-7,Musical vocabulary introduced,"Reduced metaphors, cleaner UI","Generic scaffold — prompt/visual must be refined per skill + tier; interaction demands come from Agency, not age"
Sound Awareness,Long vs Short,4,2-3,"Simple words, expressive modeling, minimal text","Large icons, character animation, strong metaphors","Generic scaffold — prompt/visual must be refined per skill + tier; interaction demands come from Agency, not age"
Sound Awareness,Long vs Short,4,4-5,"Short phrases, descriptive language",Icons + light text labels,"Generic scaffold — prompt/visual must be refined per skill + tier; interaction demands come from Agency, not age"
Sound Awareness,Long vs Short,4,6-7,Musical vocabulary introduced,"Reduced metaphors, cleaner UI","Generic scaffold — prompt/visual must be refined per skill + tier; interaction demands come from Agency, not age"
Sound Awareness,Silence vs Sound,1,2-3,"Simple words, expressive modeling, minimal text","Large icons, character animation, strong metaphors","Generic scaffold — prompt/visual must be refined per skill + tier; interaction demands come from Agency, not age"
Sound Awareness,Silence vs Sound,1,4-5,"Short phrases, descriptive language",Icons + light text labels,"Generic scaffold — prompt/visual must be refined per skill + tier; interaction demands come from Agency, not age"
Sound Awareness,Silence vs Sound,1,6-7,Musical vocabulary introduced,"Reduced metaphors, cleaner UI","Generic scaffold — prompt/visual must be refined per skill + tier; interaction demands come from Agency, not age"
Sound Awareness,Silence vs Sound,2,2-3,"Simple words, expressive modeling, minimal text","Large icons, character animation, strong metaphors","Generic scaffold — prompt/visual must be refined per skill + tier; interaction demands come from Agency, not age"
Sound Awareness,Silence vs Sound,2,4-5,"Short phrases, descriptive language",Icons + light text labels,"Generic scaffold — prompt/visual must be refined per skill + tier; interaction demands come from Agency, not age"
Sound Awareness,Silence vs Sound,2,6-7,Musical vocabulary introduced,"Reduced metaphors, cleaner UI","Generic scaffold — prompt/visual must be refined per skill + tier; interaction demands come from Agency, not age"
Sound Awareness,Silence vs Sound,3,2-3,"Simple words, expressive modeling, minimal text","Large icons, character animation, strong metaphors","Generic scaffold — prompt/visual must be refined per skill + tier; interaction demands come from Agency, not age"
Sound Awareness,Silence vs Sound,3,4-5,"Short phrases, descriptive language",Icons + light text labels,"Generic scaffold — prompt/visual must be refined per skill + tier; interaction demands come from Agency, not age"
Sound Awareness,Silence vs Sound,3,6-7,Musical vocabulary introduced,"Reduced metaphors, cleaner UI","Generic scaffold — prompt/visual must be refined per skill + tier; interaction demands come from Agency, not age"
Sound Awareness,Silence vs Sound,4,2-3,"Simple words, expressive modeling, minimal text","Large icons, character animation, strong metaphors","Generic scaffold — prompt/visual must be refined per skill + tier; interaction demands come from Agency, not age"
Sound Awareness,Silence vs Sound,4,4-5,"Short phrases, descriptive language",Icons + light text labels,"Generic scaffold — prompt/visual must be refined per skill + tier; interaction demands come from Agency, not age"
Sound Awareness,Silence vs Sound,4,6-7,Musical vocabulary introduced,"Reduced metaphors, cleaner UI","Generic scaffold — prompt/visual must be refined per skill + tier; interaction demands come from Agency, not age"
Sound Awareness,Same vs Different,1,2-3,"Simple words, expressive modeling, minimal text","Large icons, character animation, strong metaphors","Generic scaffold — prompt/visual must be refined per skill + tier; interaction demands come from Agency, not age"
Sound Awareness,Same vs Different,1,4-5,"Short phrases, descriptive language",Icons + light text labels,"Generic scaffold — prompt/visual must be refined per skill + tier; interaction demands come from Agency, not age"
Sound Awareness,Same vs Different,1,6-7,Musical vocabulary introduced,"Reduced metaphors, cleaner UI","Generic scaffold — prompt/visual must be refined per skill + tier; interaction demands come from Agency, not age"
Sound Awareness,Same vs Different,2,2-3,"Simple words, expressive modeling, minimal text","Large icons, character animation, strong metaphors","Generic scaffold — prompt/visual must be refined per skill + tier; interaction demands come from Agency, not age"
Sound Awareness,Same vs Different,2,4-5,"Short phrases, descriptive language",Icons + light text labels,"Generic scaffold — prompt/visual must be refined per skill + tier; interaction demands come from Agency, not age"
Sound Awareness,Same vs Different,2,6-7,Musical vocabulary introduced,"Reduced metaphors, cleaner UI","Generic scaffold — prompt/visual must be refined per skill + tier; interaction demands come from Agency, not age"
Sound Awareness,Same vs Different,3,2-3,"Simple words, expressive modeling, minimal text","Large icons, character animation, strong metaphors","Generic scaffold — prompt/visual must be refined per skill + tier; interaction demands come from Agency, not age"
Sound Awareness,Same vs Different,3,4-5,"Short phrases, descriptive language",Icons + light text labels,"Generic scaffold — prompt/visual must be refined per skill + tier; interaction demands come from Agency, not age"
Sound Awareness,Same vs Different,3,6-7,Musical vocabulary introduced,"Reduced metaphors, cleaner UI","Generic scaffold — prompt/visual must be refined per skill + tier; interaction demands come from Agency, not age"
Sound Awareness,Same vs Different,4,2-3,"Simple words, expressive modeling, minimal text","Large icons, character animation, strong metaphors","Generic scaffold — prompt/visual must be refined per skill + tier; interaction demands come from Agency, not age"
Sound Awareness,Same vs Different,4,4-5,"Short phrases, descriptive language",Icons + light text labels,"Generic scaffold — prompt/visual must be refined per skill + tier; interaction demands come from Agency, not age"
Sound Awareness,Same vs Different,4,6-7,Musical vocabulary introduced,"Reduced metaphors, cleaner UI","Generic scaffold — prompt/visual must be refined per skill + tier; interaction demands come from Agency, not age"
Sound Awareness,Attack vs Smooth Beginning,1,2-3,"Simple words, expressive modeling, minimal text","Large icons, character animation, strong metaphors","Generic scaffold — prompt/visual must be refined per skill + tier; interaction demands come from Agency, not age"
Sound Awareness,Attack vs Smooth Beginning,1,4-5,"Short phrases, descriptive language",Icons + light text labels,"Generic scaffold — prompt/visual must be refined per skill + tier; interaction demands come from Agency, not age"
Sound Awareness,Attack vs Smooth Beginning,1,6-7,Musical vocabulary introduced,"Reduced metaphors, cleaner UI","Generic scaffold — prompt/visual must be refined per skill + tier; interaction demands come from Agency, not age"
Sound Awareness,Attack vs Smooth Beginning,2,2-3,"Simple words, expressive modeling, minimal text","Large icons, character animation, strong metaphors","Generic scaffold — prompt/visual must be refined per skill + tier; interaction demands come from Agency, not age"
Sound Awareness,Attack vs Smooth Beginning,2,4-5,"Short phrases, descriptive language",Icons + light text labels,"Generic scaffold — prompt/visual must be refined per skill + tier; interaction demands come from Agency, not age"
Sound Awareness,Attack vs Smooth Beginning,2,6-7,Musical vocabulary introduced,"Reduced metaphors, cleaner UI","Generic scaffold — prompt/visual must be refined per skill + tier; interaction demands come from Agency, not age"
Sound Awareness,Attack vs Smooth Beginning,3,2-3,"Simple words, expressive modeling, minimal text","Large icons, character animation, strong metaphors","Generic scaffold — prompt/visual must be refined per skill + tier; interaction demands come from Agency, not age"
Sound Awareness,Attack vs Smooth Beginning,3,4-5,"Short phrases, descriptive language",Icons + light text labels,"Generic scaffold — prompt/visual must be refined per skill + tier; interaction demands come from Agency, not age"
Sound Awareness,Attack vs Smooth Beginning,3,6-7,Musical vocabulary introduced,"Reduced metaphors, cleaner UI","Generic scaffold — prompt/visual must be refined per skill + tier; interaction demands come from Agency, not age"
Sound Awareness,Attack vs Smooth Beginning,4,2-3,"Simple words, expressive modeling, minimal text","Large icons, character animation, strong metaphors","Generic scaffold — prompt/visual must be refined per skill + tier; interaction demands come from Agency, not age"
Sound Awareness,Attack vs Smooth Beginning,4,4-5,"Short phrases, descriptive language",Icons + light text labels,"Generic scaffold — prompt/visual must be refined per skill + tier; interaction demands come from Agency, not age"
Sound Awareness,Attack vs Smooth Beginning,4,6-7,Musical vocabulary introduced,"Reduced metaphors, cleaner UI","Generic scaffold — prompt/visual must be refined per skill + tier; interaction demands come from Agency, not age"
Sound Awareness,Sustain vs Short Burst,1,2-3,"Simple words, expressive modeling, minimal text","Large icons, character animation, strong metaphors","Generic scaffold — prompt/visual must be refined per skill + tier; interaction demands come from Agency, not age"
Sound Awareness,Sustain vs Short Burst,1,4-5,"Short phrases, descriptive language",Icons + light text labels,"Generic scaffold — prompt/visual must be refined per skill + tier; interaction demands come from Agency, not age"
Sound Awareness,Sustain vs Short Burst,1,6-7,Musical vocabulary introduced,"Reduced metaphors, cleaner UI","Generic scaffold — prompt/visual must be refined per skill + tier; interaction demands come from Agency, not age"
Sound Awareness,Sustain vs Short Burst,2,2-3,"Simple words, expressive modeling, minimal text","Large icons, character animation, strong metaphors","Generic scaffold — prompt/visual must be refined per skill + tier; interaction demands come from Agency, not age"
Sound Awareness,Sustain vs Short Burst,2,4-5,"Short phrases, descriptive language",Icons + light text labels,"Generic scaffold — prompt/visual must be refined per skill + tier; interaction demands come from Agency, not age"
Sound Awareness,Sustain vs Short Burst,2,6-7,Musical vocabulary introduced,"Reduced metaphors, cleaner UI","Generic scaffold — prompt/visual must be refined per skill + tier; interaction demands come from Agency, not age"
Sound Awareness,Sustain vs Short Burst,3,2-3,"Simple words, expressive modeling, minimal text","Large icons, character animation, strong metaphors","Generic scaffold — prompt/visual must be refined per skill + tier; interaction demands come from Agency, not age"
Sound Awareness,Sustain vs Short Burst,3,4-5,"Short phrases, descriptive language",Icons + light text labels,"Generic scaffold — prompt/visual must be refined per skill + tier; interaction demands come from Agency, not age"
Sound Awareness,Sustain vs Short Burst,3,6-7,Musical vocabulary introduced,"Reduced metaphors, cleaner UI","Generic scaffold — prompt/visual must be refined per skill + tier; interaction demands come from Agency, not age"
Sound Awareness,Sustain vs Short Burst,4,2-3,"Simple words, expressive modeling, minimal text","Large icons, character animation, strong metaphors","Generic scaffold — prompt/visual must be refined per skill + tier; interaction demands come from Agency, not age"
Sound Awareness,Sustain vs Short Burst,4,4-5,"Short phrases, descriptive language",Icons + light text labels,"Generic scaffold — prompt/visual must be refined per skill + tier; interaction demands come from Agency, not age"
Sound Awareness,Sustain vs Short Burst,4,6-7,Musical vocabulary introduced,"Reduced metaphors, cleaner UI","Generic scaffold — prompt/visual must be refined per skill + tier; interaction demands come from Agency, not age"
Sound Awareness,Release Awareness,1,2-3,"Simple words, expressive modeling, minimal text","Large icons, character animation, strong metaphors","Generic scaffold — prompt/visual must be refined per skill + tier; interaction demands come from Agency, not age"
Sound Awareness,Release Awareness,1,4-5,"Short phrases, descriptive language",Icons + light text labels,"Generic scaffold — prompt/visual must be refined per skill + tier; interaction demands come from Agency, not age"
Sound Awareness,Release Awareness,1,6-7,Musical vocabulary introduced,"Reduced metaphors, cleaner UI","Generic scaffold — prompt/visual must be refined per skill + tier; interaction demands come from Agency, not age"
Sound Awareness,Release Awareness,2,2-3,"Simple words, expressive modeling, minimal text","Large icons, character animation, strong metaphors","Generic scaffold — prompt/visual must be refined per skill + tier; interaction demands come from Agency, not age"
Sound Awareness,Release Awareness,2,4-5,"Short phrases, descriptive language",Icons + light text labels,"Generic scaffold — prompt/visual must be refined per skill + tier; interaction demands come from Agency, not age"
Sound Awareness,Release Awareness,2,6-7,Musical vocabulary introduced,"Reduced metaphors, cleaner UI","Generic scaffold — prompt/visual must be refined per skill + tier; interaction demands come from Agency, not age"
Sound Awareness,Release Awareness,3,2-3,"Simple words, expressive modeling, minimal text","Large icons, character animation, strong metaphors","Generic scaffold — prompt/visual must be refined per skill + tier; interaction demands come from Agency, not age"
Sound Awareness,Release Awareness,3,4-5,"Short phrases, descriptive language",Icons + light text labels,"Generic scaffold — prompt/visual must be refined per skill + tier; interaction demands come from Agency, not age"
Sound Awareness,Release Awareness,3,6-7,Musical vocabulary introduced,"Reduced metaphors, cleaner UI","Generic scaffold — prompt/visual must be refined per skill + tier; interaction demands come from Agency, not age"
Sound Awareness,Release Awareness,4,2-3,"Simple words, expressive modeling, minimal text","Large icons, character animation, strong metaphors","Generic scaffold — prompt/visual must be refined per skill + tier; interaction demands come from Agency, not age"
Sound Awareness,Release Awareness,4,4-5,"Short phrases, descriptive language",Icons + light text labels,"Generic scaffold — prompt/visual must be refined per skill + tier; interaction demands come from Agency, not age"
Sound Awareness,Release Awareness,4,6-7,Musical vocabulary introduced,"Reduced metaphors, cleaner UI","Generic scaffold — prompt/visual must be refined per skill + tier; interaction demands come from Agency, not age"
Pitch Awareness,Higher vs Lower,1,2-3,"Simple words, expressive modeling, minimal text","Large icons, character animation, strong metaphors","Generic scaffold — prompt/visual must be refined per skill + tier; interaction demands come from Agency, not age"
Pitch Awareness,Higher vs Lower,1,4-5,"Short phrases, descriptive language",Icons + light text labels,"Generic scaffold — prompt/visual must be refined per skill + tier; interaction demands come from Agency, not age"
Pitch Awareness,Higher vs Lower,1,6-7,Musical vocabulary introduced,"Reduced metaphors, cleaner UI","Generic scaffold — prompt/visual must be refined per skill + tier; interaction demands come from Agency, not age"
Pitch Awareness,Higher vs Lower,2,2-3,"Simple words, expressive modeling, minimal text","Large icons, character animation, strong metaphors","Generic scaffold — prompt/visual must be refined per skill + tier; interaction demands come from Agency, not age"
Pitch Awareness,Higher vs Lower,2,4-5,"Short phrases, descriptive language",Icons + light text labels,"Generic scaffold — prompt/visual must be refined per skill + tier; interaction demands come from Agency, not age"
Pitch Awareness,Higher vs Lower,2,6-7,Musical vocabulary introduced,"Reduced metaphors, cleaner UI","Generic scaffold — prompt/visual must be refined per skill + tier; interaction demands come from Agency, not age"
Pitch Awareness,Higher vs Lower,3,2-3,"Simple words, expressive modeling, minimal text","Large icons, character animation, strong metaphors","Generic scaffold — prompt/visual must be refined per skill + tier; interaction demands come from Agency, not age"
Pitch Awareness,Higher vs Lower,3,4-5,"Short phrases, descriptive language",Icons + light text labels,"Generic scaffold — prompt/visual must be refined per skill + tier; interaction demands come from Agency, not age"
Pitch Awareness,Higher vs Lower,3,6-7,Musical vocabulary introduced,"Reduced metaphors, cleaner UI","Generic scaffold — prompt/visual must be refined per skill + tier; interaction demands come from Agency, not age"
Pitch Awareness,Higher vs Lower,4,2-3,"Simple words, expressive modeling, minimal text","Large icons, character animation, strong metaphors","Generic scaffold — prompt/visual must be refined per skill + tier; interaction demands come from Agency, not age"
Pitch Awareness,Higher vs Lower,4,4-5,"Short phrases, descriptive language",Icons + light text labels,"Generic scaffold — prompt/visual must be refined per skill + tier; interaction demands come from Agency, not age"
Pitch Awareness,Higher vs Lower,4,6-7,Musical vocabulary introduced,"Reduced metaphors, cleaner UI","Generic scaffold — prompt/visual must be refined per skill + tier; interaction demands come from Agency, not age"
Pitch Awareness,Same Note Match,1,2-3,"Simple words, expressive modeling, minimal text","Large icons, character animation, strong metaphors","Generic scaffold — prompt/visual must be refined per skill + tier; interaction demands come from Agency, not age"
Pitch Awareness,Same Note Match,1,4-5,"Short phrases, descriptive language",Icons + light text labels,"Generic scaffold — prompt/visual must be refined per skill + tier; interaction demands come from Agency, not age"
Pitch Awareness,Same Note Match,1,6-7,Musical vocabulary introduced,"Reduced metaphors, cleaner UI","Generic scaffold — prompt/visual must be refined per skill + tier; interaction demands come from Agency, not age"
Pitch Awareness,Same Note Match,2,2-3,"Simple words, expressive modeling, minimal text","Large icons, character animation, strong metaphors","Generic scaffold — prompt/visual must be refined per skill + tier; interaction demands come from Agency, not age"
Pitch Awareness,Same Note Match,2,4-5,"Short phrases, descriptive language",Icons + light text labels,"Generic scaffold — prompt/visual must be refined per skill + tier; interaction demands come from Agency, not age"
Pitch Awareness,Same Note Match,2,6-7,Musical vocabulary introduced,"Reduced metaphors, cleaner UI","Generic scaffold — prompt/visual must be refined per skill + tier; interaction demands come from Agency, not age"
Pitch Awareness,Same Note Match,3,2-3,"Simple words, expressive modeling, minimal text","Large icons, character animation, strong metaphors","Generic scaffold — prompt/visual must be refined per skill + tier; interaction demands come from Agency, not age"
Pitch Awareness,Same Note Match,3,4-5,"Short phrases, descriptive language",Icons + light text labels,"Generic scaffold — prompt/visual must be refined per skill + tier; interaction demands come from Agency, not age"
Pitch Awareness,Same Note Match,3,6-7,Musical vocabulary introduced,"Reduced metaphors, cleaner UI","Generic scaffold — prompt/visual must be refined per skill + tier; interaction demands come from Agency, not age"
Pitch Awareness,Same Note Match,4,2-3,"Simple words, expressive modeling, minimal text","Large icons, character animation, strong metaphors","Generic scaffold — prompt/visual must be refined per skill + tier; interaction demands come from Agency, not age"
Pitch Awareness,Same Note Match,4,4-5,"Short phrases, descriptive language",Icons + light text labels,"Generic scaffold — prompt/visual must be refined per skill + tier; interaction demands come from Agency, not age"
Pitch Awareness,Same Note Match,4,6-7,Musical vocabulary introduced,"Reduced metaphors, cleaner UI","Generic scaffold — prompt/visual must be refined per skill + tier; interaction demands come from Agency, not age"
Pitch Awareness,Pitch Memory,1,2-3,"Simple words, expressive modeling, minimal text","Large icons, character animation, strong metaphors","Generic scaffold — prompt/visual must be refined per skill + tier; interaction demands come from Agency, not age"
Pitch Awareness,Pitch Memory,1,4-5,"Short phrases, descriptive language",Icons + light text labels,"Generic scaffold — prompt/visual must be refined per skill + tier; interaction demands come from Agency, not age"
Pitch Awareness,Pitch Memory,1,6-7,Musical vocabulary introduced,"Reduced metaphors, cleaner UI","Generic scaffold — prompt/visual must be refined per skill + tier; interaction demands come from Agency, not age"
Pitch Awareness,Pitch Memory,2,2-3,"Simple words, expressive modeling, minimal text","Large icons, character animation, strong metaphors","Generic scaffold — prompt/visual must be refined per skill + tier; interaction demands come from Agency, not age"
Pitch Awareness,Pitch Memory,2,4-5,"Short phrases, descriptive language",Icons + light text labels,"Generic scaffold — prompt/visual must be refined per skill + tier; interaction demands come from Agency, not age"
Pitch Awareness,Pitch Memory,2,6-7,Musical vocabulary introduced,"Reduced metaphors, cleaner UI","Generic scaffold — prompt/visual must be refined per skill + tier; interaction demands come from Agency, not age"
Pitch Awareness,Pitch Memory,3,2-3,"Simple words, expressive modeling, minimal text","Large icons, character animation, strong metaphors","Generic scaffold — prompt/visual must be refined per skill + tier; interaction demands come from Agency, not age"
Pitch Awareness,Pitch Memory,3,4-5,"Short phrases, descriptive language",Icons + light text labels,"Generic scaffold — prompt/visual must be refined per skill + tier; interaction demands come from Agency, not age"
Pitch Awareness,Pitch Memory,3,6-7,Musical vocabulary introduced,"Reduced metaphors, cleaner UI","Generic scaffold — prompt/visual must be refined per skill + tier; interaction demands come from Agency, not age"
Pitch Awareness,Pitch Memory,4,2-3,"Simple words, expressive modeling, minimal text","Large icons, character animation, strong metaphors","Generic scaffold — prompt/visual must be refined per skill + tier; interaction demands come from Agency, not age"
Pitch Awareness,Pitch Memory,4,4-5,"Short phrases, descriptive language",Icons + light text labels,"Generic scaffold — prompt/visual must be refined per skill + tier; interaction demands come from Agency, not age"
Pitch Awareness,Pitch Memory,4,6-7,Musical vocabulary introduced,"Reduced metaphors, cleaner UI","Generic scaffold — prompt/visual must be refined per skill + tier; interaction demands come from Agency, not age"
Pitch Awareness,Small vs Big Interval Feel,1,2-3,"Simple words, expressive modeling, minimal text","Large icons, character animation, strong metaphors","Generic scaffold — prompt/visual must be refined per skill + tier; interaction demands come from Agency, not age"
Pitch Awareness,Small vs Big Interval Feel,1,4-5,"Short phrases, descriptive language",Icons + light text labels,"Generic scaffold — prompt/visual must be refined per skill + tier; interaction demands come from Agency, not age"
Pitch Awareness,Small vs Big Interval Feel,1,6-7,Musical vocabulary introduced,"Reduced metaphors, cleaner UI","Generic scaffold — prompt/visual must be refined per skill + tier; interaction demands come from Agency, not age"
Pitch Awareness,Small vs Big Interval Feel,2,2-3,"Simple words, expressive modeling, minimal text","Large icons, character animation, strong metaphors","Generic scaffold — prompt/visual must be refined per skill + tier; interaction demands come from Agency, not age"
Pitch Awareness,Small vs Big Interval Feel,2,4-5,"Short phrases, descriptive language",Icons + light text labels,"Generic scaffold — prompt/visual must be refined per skill + tier; interaction demands come from Agency, not age"
Pitch Awareness,Small vs Big Interval Feel,2,6-7,Musical vocabulary introduced,"Reduced metaphors, cleaner UI","Generic scaffold — prompt/visual must be refined per skill + tier; interaction demands come from Agency, not age"
Pitch Awareness,Small vs Big Interval Feel,3,2-3,"Simple words, expressive modeling, minimal text","Large icons, character animation, strong metaphors","Generic scaffold — prompt/visual must be refined per skill + tier; interaction demands come from Agency, not age"
Pitch Awareness,Small vs Big Interval Feel,3,4-5,"Short phrases, descriptive language",Icons + light text labels,"Generic scaffold — prompt/visual must be refined per skill + tier; interaction demands come from Agency, not age"
Pitch Awareness,Small vs Big Interval Feel,3,6-7,Musical vocabulary introduced,"Reduced metaphors, cleaner UI","Generic scaffold — prompt/visual must be refined per skill + tier; interaction demands come from Agency, not age"
Pitch Awareness,Small vs Big Interval Feel,4,2-3,"Simple words, expressive modeling, minimal text","Large icons, character animation, strong metaphors","Generic scaffold — prompt/visual must be refined per skill + tier; interaction demands come from Agency, not age"
Pitch Awareness,Small vs Big Interval Feel,4,4-5,"Short phrases, descriptive language",Icons + light text labels,"Generic scaffold — prompt/visual must be refined per skill + tier; interaction demands come from Agency, not age"
Pitch Awareness,Small vs Big Interval Feel,4,6-7,Musical vocabulary introduced,"Reduced metaphors, cleaner UI","Generic scaffold — prompt/visual must be refined per skill + tier; interaction demands come from Agency, not age"
Pitch Awareness,Near vs Far Pitch Comparison,1,2-3,"Simple words, expressive modeling, minimal text","Large icons, character animation, strong metaphors","Generic scaffold — prompt/visual must be refined per skill + tier; interaction demands come from Agency, not age"
Pitch Awareness,Near vs Far Pitch Comparison,1,4-5,"Short phrases, descriptive language",Icons + light text labels,"Generic scaffold — prompt/visual must be refined per skill + tier; interaction demands come from Agency, not age"
Pitch Awareness,Near vs Far Pitch Comparison,1,6-7,Musical vocabulary introduced,"Reduced metaphors, cleaner UI","Generic scaffold — prompt/visual must be refined per skill + tier; interaction demands come from Agency, not age"
Pitch Awareness,Near vs Far Pitch Comparison,2,2-3,"Simple words, expressive modeling, minimal text","Large icons, character animation, strong metaphors","Generic scaffold — prompt/visual must be refined per skill + tier; interaction demands come from Agency, not age"
Pitch Awareness,Near vs Far Pitch Comparison,2,4-5,"Short phrases, descriptive language",Icons + light text labels,"Generic scaffold — prompt/visual must be refined per skill + tier; interaction demands come from Agency, not age"
Pitch Awareness,Near vs Far Pitch Comparison,2,6-7,Musical vocabulary introduced,"Reduced metaphors, cleaner UI","Generic scaffold — prompt/visual must be refined per skill + tier; interaction demands come from Agency, not age"
Pitch Awareness,Near vs Far Pitch Comparison,3,2-3,"Simple words, expressive modeling, minimal text","Large icons, character animation, strong metaphors","Generic scaffold — prompt/visual must be refined per skill + tier; interaction demands come from Agency, not age"
Pitch Awareness,Near vs Far Pitch Comparison,3,4-5,"Short phrases, descriptive language",Icons + light text labels,"Generic scaffold — prompt/visual must be refined per skill + tier; interaction demands come from Agency, not age"
Pitch Awareness,Near vs Far Pitch Comparison,3,6-7,Musical vocabulary introduced,"Reduced metaphors, cleaner UI","Generic scaffold — prompt/visual must be refined per skill + tier; interaction demands come from Agency, not age"
Pitch Awareness,Near vs Far Pitch Comparison,4,2-3,"Simple words, expressive modeling, minimal text","Large icons, character animation, strong metaphors","Generic scaffold — prompt/visual must be refined per skill + tier; interaction demands come from Agency, not age"
Pitch Awareness,Near vs Far Pitch Comparison,4,4-5,"Short phrases, descriptive language",Icons + light text labels,"Generic scaffold — prompt/visual must be refined per skill + tier; interaction demands come from Agency, not age"
Pitch Awareness,Near vs Far Pitch Comparison,4,6-7,Musical vocabulary introduced,"Reduced metaphors, cleaner UI","Generic scaffold — prompt/visual must be refined per skill + tier; interaction demands come from Agency, not age"
Contour & Shape,Ascending vs Descending,1,2-3,"Simple words, expressive modeling, minimal text","Large icons, character animation, strong metaphors","Generic scaffold — prompt/visual must be refined per skill + tier; interaction demands come from Agency, not age"
Contour & Shape,Ascending vs Descending,1,4-5,"Short phrases, descriptive language",Icons + light text labels,"Generic scaffold — prompt/visual must be refined per skill + tier; interaction demands come from Agency, not age"
Contour & Shape,Ascending vs Descending,1,6-7,Musical vocabulary introduced,"Reduced metaphors, cleaner UI","Generic scaffold — prompt/visual must be refined per skill + tier; interaction demands come from Agency, not age"
Contour & Shape,Ascending vs Descending,2,2-3,"Simple words, expressive modeling, minimal text","Large icons, character animation, strong metaphors","Generic scaffold — prompt/visual must be refined per skill + tier; interaction demands come from Agency, not age"
Contour & Shape,Ascending vs Descending,2,4-5,"Short phrases, descriptive language",Icons + light text labels,"Generic scaffold — prompt/visual must be refined per skill + tier; interaction demands come from Agency, not age"
Contour & Shape,Ascending vs Descending,2,6-7,Musical vocabulary introduced,"Reduced metaphors, cleaner UI","Generic scaffold — prompt/visual must be refined per skill + tier; interaction demands come from Agency, not age"
Contour & Shape,Ascending vs Descending,3,2-3,"Simple words, expressive modeling, minimal text","Large icons, character animation, strong metaphors","Generic scaffold — prompt/visual must be refined per skill + tier; interaction demands come from Agency, not age"
Contour & Shape,Ascending vs Descending,3,4-5,"Short phrases, descriptive language",Icons + light text labels,"Generic scaffold — prompt/visual must be refined per skill + tier; interaction demands come from Agency, not age"
Contour & Shape,Ascending vs Descending,3,6-7,Musical vocabulary introduced,"Reduced metaphors, cleaner UI","Generic scaffold — prompt/visual must be refined per skill + tier; interaction demands come from Agency, not age"
Contour & Shape,Ascending vs Descending,4,2-3,"Simple words, expressive modeling, minimal text","Large icons, character animation, strong metaphors","Generic scaffold — prompt/visual must be refined per skill + tier; interaction demands come from Agency, not age"
Contour & Shape,Ascending vs Descending,4,4-5,"Short phrases, descriptive language",Icons + light text labels,"Generic scaffold — prompt/visual must be refined per skill + tier; interaction demands come from Agency, not age"
Contour & Shape,Ascending vs Descending,4,6-7,Musical vocabulary introduced,"Reduced metaphors, cleaner UI","Generic scaffold — prompt/visual must be refined per skill + tier; interaction demands come from Agency, not age"
Contour & Shape,Contour Shape Match,1,2-3,"Simple words, expressive modeling, minimal text","Large icons, character animation, strong metaphors","Generic scaffold — prompt/visual must be refined per skill + tier; interaction demands come from Agency, not age"
Contour & Shape,Contour Shape Match,1,4-5,"Short phrases, descriptive language",Icons + light text labels,"Generic scaffold — prompt/visual must be refined per skill + tier; interaction demands come from Agency, not age"
Contour & Shape,Contour Shape Match,1,6-7,Musical vocabulary introduced,"Reduced metaphors, cleaner UI","Generic scaffold — prompt/visual must be refined per skill + tier; interaction demands come from Agency, not age"
Contour & Shape,Contour Shape Match,2,2-3,"Simple words, expressive modeling, minimal text","Large icons, character animation, strong metaphors","Generic scaffold — prompt/visual must be refined per skill + tier; interaction demands come from Agency, not age"
Contour & Shape,Contour Shape Match,2,4-5,"Short phrases, descriptive language",Icons + light text labels,"Generic scaffold — prompt/visual must be refined per skill + tier; interaction demands come from Agency, not age"
Contour & Shape,Contour Shape Match,2,6-7,Musical vocabulary introduced,"Reduced metaphors, cleaner UI","Generic scaffold — prompt/visual must be refined per skill + tier; interaction demands come from Agency, not age"
Contour & Shape,Contour Shape Match,3,2-3,"Simple words, expressive modeling, minimal text","Large icons, character animation, strong metaphors","Generic scaffold — prompt/visual must be refined per skill + tier; interaction demands come from Agency, not age"
Contour & Shape,Contour Shape Match,3,4-5,"Short phrases, descriptive language",Icons + light text labels,"Generic scaffold — prompt/visual must be refined per skill + tier; interaction demands come from Agency, not age"
Contour & Shape,Contour Shape Match,3,6-7,Musical vocabulary introduced,"Reduced metaphors, cleaner UI","Generic scaffold — prompt/visual must be refined per skill + tier; interaction demands come from Agency, not age"
Contour & Shape,Contour Shape Match,4,2-3,"Simple words, expressive modeling, minimal text","Large icons, character animation, strong metaphors","Generic scaffold — prompt/visual must be refined per skill + tier; interaction demands come from Agency, not age"
Contour & Shape,Contour Shape Match,4,4-5,"Short phrases, descriptive language",Icons + light text labels,"Generic scaffold — prompt/visual must be refined per skill + tier; interaction demands come from Agency, not age"
Contour & Shape,Contour Shape Match,4,6-7,Musical vocabulary introduced,"Reduced metaphors, cleaner UI","Generic scaffold — prompt/visual must be refined per skill + tier; interaction demands come from Agency, not age"
Contour & Shape,Stepwise vs Leaping Motion,1,2-3,"Simple words, expressive modeling, minimal text","Large icons, character animation, strong metaphors","Generic scaffold — prompt/visual must be refined per skill + tier; interaction demands come from Agency, not age"
Contour & Shape,Stepwise vs Leaping Motion,1,4-5,"Short phrases, descriptive language",Icons + light text labels,"Generic scaffold — prompt/visual must be refined per skill + tier; interaction demands come from Agency, not age"
Contour & Shape,Stepwise vs Leaping Motion,1,6-7,Musical vocabulary introduced,"Reduced metaphors, cleaner UI","Generic scaffold — prompt/visual must be refined per skill + tier; interaction demands come from Agency, not age"
Contour & Shape,Stepwise vs Leaping Motion,2,2-3,"Simple words, expressive modeling, minimal text","Large icons, character animation, strong metaphors","Generic scaffold — prompt/visual must be refined per skill + tier; interaction demands come from Agency, not age"
Contour & Shape,Stepwise vs Leaping Motion,2,4-5,"Short phrases, descriptive language",Icons + light text labels,"Generic scaffold — prompt/visual must be refined per skill + tier; interaction demands come from Agency, not age"
Contour & Shape,Stepwise vs Leaping Motion,2,6-7,Musical vocabulary introduced,"Reduced metaphors, cleaner UI","Generic scaffold — prompt/visual must be refined per skill + tier; interaction demands come from Agency, not age"
Contour & Shape,Stepwise vs Leaping Motion,3,2-3,"Simple words, expressive modeling, minimal text","Large icons, character animation, strong metaphors","Generic scaffold — prompt/visual must be refined per skill + tier; interaction demands come from Agency, not age"
Contour & Shape,Stepwise vs Leaping Motion,3,4-5,"Short phrases, descriptive language",Icons + light text labels,"Generic scaffold — prompt/visual must be refined per skill + tier; interaction demands come from Agency, not age"
Contour & Shape,Stepwise vs Leaping Motion,3,6-7,Musical vocabulary introduced,"Reduced metaphors, cleaner UI","Generic scaffold — prompt/visual must be refined per skill + tier; interaction demands come from Agency, not age"
Contour & Shape,Stepwise vs Leaping Motion,4,2-3,"Simple words, expressive modeling, minimal text","Large icons, character animation, strong metaphors","Generic scaffold — prompt/visual must be refined per skill + tier; interaction demands come from Agency, not age"
Contour & Shape,Stepwise vs Leaping Motion,4,4-5,"Short phrases, descriptive language",Icons + light text labels,"Generic scaffold — prompt/visual must be refined per skill + tier; interaction demands come from Agency, not age"
Contour & Shape,Stepwise vs Leaping Motion,4,6-7,Musical vocabulary introduced,"Reduced metaphors, cleaner UI","Generic scaffold — prompt/visual must be refined per skill + tier; interaction demands come from Agency, not age"
Contour & Shape,Mixed Contour Recognition,1,2-3,"Simple words, expressive modeling, minimal text","Large icons, character animation, strong metaphors","Generic scaffold — prompt/visual must be refined per skill + tier; interaction demands come from Agency, not age"
Contour & Shape,Mixed Contour Recognition,1,4-5,"Short phrases, descriptive language",Icons + light text labels,"Generic scaffold — prompt/visual must be refined per skill + tier; interaction demands come from Agency, not age"
Contour & Shape,Mixed Contour Recognition,1,6-7,Musical vocabulary introduced,"Reduced metaphors, cleaner UI","Generic scaffold — prompt/visual must be refined per skill + tier; interaction demands come from Agency, not age"
Contour & Shape,Mixed Contour Recognition,2,2-3,"Simple words, expressive modeling, minimal text","Large icons, character animation, strong metaphors","Generic scaffold — prompt/visual must be refined per skill + tier; interaction demands come from Agency, not age"
Contour & Shape,Mixed Contour Recognition,2,4-5,"Short phrases, descriptive language",Icons + light text labels,"Generic scaffold — prompt/visual must be refined per skill + tier; interaction demands come from Agency, not age"
Contour & Shape,Mixed Contour Recognition,2,6-7,Musical vocabulary introduced,"Reduced metaphors, cleaner UI","Generic scaffold — prompt/visual must be refined per skill + tier; interaction demands come from Agency, not age"
Contour & Shape,Mixed Contour Recognition,3,2-3,"Simple words, expressive modeling, minimal text","Large icons, character animation, strong metaphors","Generic scaffold — prompt/visual must be refined per skill + tier; interaction demands come from Agency, not age"
Contour & Shape,Mixed Contour Recognition,3,4-5,"Short phrases, descriptive language",Icons + light text labels,"Generic scaffold — prompt/visual must be refined per skill + tier; interaction demands come from Agency, not age"
Contour & Shape,Mixed Contour Recognition,3,6-7,Musical vocabulary introduced,"Reduced metaphors, cleaner UI","Generic scaffold — prompt/visual must be refined per skill + tier; interaction demands come from Agency, not age"
Contour & Shape,Mixed Contour Recognition,4,2-3,"Simple words, expressive modeling, minimal text","Large icons, character animation, strong metaphors","Generic scaffold — prompt/visual must be refined per skill + tier; interaction demands come from Agency, not age"
Contour & Shape,Mixed Contour Recognition,4,4-5,"Short phrases, descriptive language",Icons + light text labels,"Generic scaffold — prompt/visual must be refined per skill + tier; interaction demands come from Agency, not age"
Contour & Shape,Mixed Contour Recognition,4,6-7,Musical vocabulary introduced,"Reduced metaphors, cleaner UI","Generic scaffold — prompt/visual must be refined per skill + tier; interaction demands come from Agency, not age"
Contour & Shape,Contour Imitation,1,2-3,"Simple words, expressive modeling, minimal text","Large icons, character animation, strong metaphors","Generic scaffold — prompt/visual must be refined per skill + tier; interaction demands come from Agency, not age"
Contour & Shape,Contour Imitation,1,4-5,"Short phrases, descriptive language",Icons + light text labels,"Generic scaffold — prompt/visual must be refined per skill + tier; interaction demands come from Agency, not age"
Contour & Shape,Contour Imitation,1,6-7,Musical vocabulary introduced,"Reduced metaphors, cleaner UI","Generic scaffold — prompt/visual must be refined per skill + tier; interaction demands come from Agency, not age"
Contour & Shape,Contour Imitation,2,2-3,"Simple words, expressive modeling, minimal text","Large icons, character animation, strong metaphors","Generic scaffold — prompt/visual must be refined per skill + tier; interaction demands come from Agency, not age"
Contour & Shape,Contour Imitation,2,4-5,"Short phrases, descriptive language",Icons + light text labels,"Generic scaffold — prompt/visual must be refined per skill + tier; interaction demands come from Agency, not age"
Contour & Shape,Contour Imitation,2,6-7,Musical vocabulary introduced,"Reduced metaphors, cleaner UI","Generic scaffold — prompt/visual must be refined per skill + tier; interaction demands come from Agency, not age"
Contour & Shape,Contour Imitation,3,2-3,"Simple words, expressive modeling, minimal text","Large icons, character animation, strong metaphors","Generic scaffold — prompt/visual must be refined per skill + tier; interaction demands come from Agency, not age"
Contour & Shape,Contour Imitation,3,4-5,"Short phrases, descriptive language",Icons + light text labels,"Generic scaffold — prompt/visual must be refined per skill + tier; interaction demands come from Agency, not age"
Contour & Shape,Contour Imitation,3,6-7,Musical vocabulary introduced,"Reduced metaphors, cleaner UI","Generic scaffold — prompt/visual must be refined per skill + tier; interaction demands come from Agency, not age"
Contour & Shape,Contour Imitation,4,2-3,"Simple words, expressive modeling, minimal text","Large icons, character animation, strong metaphors","Generic scaffold — prompt/visual must be refined per skill + tier; interaction demands come from Agency, not age"
Contour & Shape,Contour Imitation,4,4-5,"Short phrases, descriptive language",Icons + light text labels,"Generic scaffold — prompt/visual must be refined per skill + tier; interaction demands come from Agency, not age"
Contour & Shape,Contour Imitation,4,6-7,Musical vocabulary introduced,"Reduced metaphors, cleaner UI","Generic scaffold — prompt/visual must be refined per skill + tier; interaction demands come from Agency, not age"
Rhythm & Timing,Steady Beat Feel,1,2-3,"Simple words, expressive modeling, minimal text","Large icons, character animation, strong metaphors","Generic scaffold — prompt/visual must be refined per skill + tier; interaction demands come from Agency, not age"
Rhythm & Timing,Steady Beat Feel,1,4-5,"Short phrases, descriptive language",Icons + light text labels,"Generic scaffold — prompt/visual must be refined per skill + tier; interaction demands come from Agency, not age"
Rhythm & Timing,Steady Beat Feel,1,6-7,Musical vocabulary introduced,"Reduced metaphors, cleaner UI","Generic scaffold — prompt/visual must be refined per skill + tier; interaction demands come from Agency, not age"
Rhythm & Timing,Steady Beat Feel,2,2-3,"Simple words, expressive modeling, minimal text","Large icons, character animation, strong metaphors","Generic scaffold — prompt/visual must be refined per skill + tier; interaction demands come from Agency, not age"
Rhythm & Timing,Steady Beat Feel,2,4-5,"Short phrases, descriptive language",Icons + light text labels,"Generic scaffold — prompt/visual must be refined per skill + tier; interaction demands come from Agency, not age"
Rhythm & Timing,Steady Beat Feel,2,6-7,Musical vocabulary introduced,"Reduced metaphors, cleaner UI","Generic scaffold — prompt/visual must be refined per skill + tier; interaction demands come from Agency, not age"
Rhythm & Timing,Steady Beat Feel,3,2-3,"Simple words, expressive modeling, minimal text","Large icons, character animation, strong metaphors","Generic scaffold — prompt/visual must be refined per skill + tier; interaction demands come from Agency, not age"
Rhythm & Timing,Steady Beat Feel,3,4-5,"Short phrases, descriptive language",Icons + light text labels,"Generic scaffold — prompt/visual must be refined per skill + tier; interaction demands come from Agency, not age"
Rhythm & Timing,Steady Beat Feel,3,6-7,Musical vocabulary introduced,"Reduced metaphors, cleaner UI","Generic scaffold — prompt/visual must be refined per skill + tier; interaction demands come from Agency, not age"
Rhythm & Timing,Steady Beat Feel,4,2-3,"Simple words, expressive modeling, minimal text","Large icons, character animation, strong metaphors","Generic scaffold — prompt/visual must be refined per skill + tier; interaction demands come from Agency, not age"
Rhythm & Timing,Steady Beat Feel,4,4-5,"Short phrases, descriptive language",Icons + light text labels,"Generic scaffold — prompt/visual must be refined per skill + tier; interaction demands come from Agency, not age"
Rhythm & Timing,Steady Beat Feel,4,6-7,Musical vocabulary introduced,"Reduced metaphors, cleaner UI","Generic scaffold — prompt/visual must be refined per skill + tier; interaction demands come from Agency, not age"
Rhythm & Timing,Tap Along to Pulse,1,2-3,"Simple words, expressive modeling, minimal text","Large icons, character animation, strong metaphors","Generic scaffold — prompt/visual must be refined per skill + tier; interaction demands come from Agency, not age"
Rhythm & Timing,Tap Along to Pulse,1,4-5,"Short phrases, descriptive language",Icons + light text labels,"Generic scaffold — prompt/visual must be refined per skill + tier; interaction demands come from Agency, not age"
Rhythm & Timing,Tap Along to Pulse,1,6-7,Musical vocabulary introduced,"Reduced metaphors, cleaner UI","Generic scaffold — prompt/visual must be refined per skill + tier; interaction demands come from Agency, not age"
Rhythm & Timing,Tap Along to Pulse,2,2-3,"Simple words, expressive modeling, minimal text","Large icons, character animation, strong metaphors","Generic scaffold — prompt/visual must be refined per skill + tier; interaction demands come from Agency, not age"
Rhythm & Timing,Tap Along to Pulse,2,4-5,"Short phrases, descriptive language",Icons + light text labels,"Generic scaffold — prompt/visual must be refined per skill + tier; interaction demands come from Agency, not age"
Rhythm & Timing,Tap Along to Pulse,2,6-7,Musical vocabulary introduced,"Reduced metaphors, cleaner UI","Generic scaffold — prompt/visual must be refined per skill + tier; interaction demands come from Agency, not age"
Rhythm & Timing,Tap Along to Pulse,3,2-3,"Simple words, expressive modeling, minimal text","Large icons, character animation, strong metaphors","Generic scaffold — prompt/visual must be refined per skill + tier; interaction demands come from Agency, not age"
Rhythm & Timing,Tap Along to Pulse,3,4-5,"Short phrases, descriptive language",Icons + light text labels,"Generic scaffold — prompt/visual must be refined per skill + tier; interaction demands come from Agency, not age"
Rhythm & Timing,Tap Along to Pulse,3,6-7,Musical vocabulary introduced,"Reduced metaphors, cleaner UI","Generic scaffold — prompt/visual must be refined per skill + tier; interaction demands come from Agency, not age"
Rhythm & Timing,Tap Along to Pulse,4,2-3,"Simple words, expressive modeling, minimal text","Large icons, character animation, strong metaphors","Generic scaffold — prompt/visual must be refined per skill + tier; interaction demands come from Agency, not age"
Rhythm & Timing,Tap Along to Pulse,4,4-5,"Short phrases, descriptive language",Icons + light text labels,"Generic scaffold — prompt/visual must be refined per skill + tier; interaction demands come from Agency, not age"
Rhythm & Timing,Tap Along to Pulse,4,6-7,Musical vocabulary introduced,"Reduced metaphors, cleaner UI","Generic scaffold — prompt/visual must be refined per skill + tier; interaction demands come from Agency, not age"
Rhythm & Timing,Accent on the Beat,1,2-3,"Simple words, expressive modeling, minimal text","Large icons, character animation, strong metaphors","Generic scaffold — prompt/visual must be refined per skill + tier; interaction demands come from Agency, not age"
Rhythm & Timing,Accent on the Beat,1,4-5,"Short phrases, descriptive language",Icons + light text labels,"Generic scaffold — prompt/visual must be refined per skill + tier; interaction demands come from Agency, not age"
Rhythm & Timing,Accent on the Beat,1,6-7,Musical vocabulary introduced,"Reduced metaphors, cleaner UI","Generic scaffold — prompt/visual must be refined per skill + tier; interaction demands come from Agency, not age"
Rhythm & Timing,Accent on the Beat,2,2-3,"Simple words, expressive modeling, minimal text","Large icons, character animation, strong metaphors","Generic scaffold — prompt/visual must be refined per skill + tier; interaction demands come from Agency, not age"
Rhythm & Timing,Accent on the Beat,2,4-5,"Short phrases, descriptive language",Icons + light text labels,"Generic scaffold — prompt/visual must be refined per skill + tier; interaction demands come from Agency, not age"
Rhythm & Timing,Accent on the Beat,2,6-7,Musical vocabulary introduced,"Reduced metaphors, cleaner UI","Generic scaffold — prompt/visual must be refined per skill + tier; interaction demands come from Agency, not age"
Rhythm & Timing,Accent on the Beat,3,2-3,"Simple words, expressive modeling, minimal text","Large icons, character animation, strong metaphors","Generic scaffold — prompt/visual must be refined per skill + tier; interaction demands come from Agency, not age"
Rhythm & Timing,Accent on the Beat,3,4-5,"Short phrases, descriptive language",Icons + light text labels,"Generic scaffold — prompt/visual must be refined per skill + tier; interaction demands come from Agency, not age"
Rhythm & Timing,Accent on the Beat,3,6-7,Musical vocabulary introduced,"Reduced metaphors, cleaner UI","Generic scaffold — prompt/visual must be refined per skill + tier; interaction demands come from Agency, not age"
Rhythm & Timing,Accent on the Beat,4,2-3,"Simple words, expressive modeling, minimal text","Large icons, character animation, strong metaphors","Generic scaffold — prompt/visual must be refined per skill + tier; interaction demands come from Agency, not age"
Rhythm & Timing,Accent on the Beat,4,4-5,"Short phrases, descriptive language",Icons + light text labels,"Generic scaffold — prompt/visual must be refined per skill + tier; interaction demands come from Agency, not age"
Rhythm & Timing,Accent on the Beat,4,6-7,Musical vocabulary introduced,"Reduced metaphors, cleaner UI","Generic scaffold — prompt/visual must be refined per skill + tier; interaction demands come from Agency, not age"
Rhythm & Timing,Rhythm Echo,1,2-3,"Simple words, expressive modeling, minimal text","Large icons, character animation, strong metaphors","Generic scaffold — prompt/visual must be refined per skill + tier; interaction demands come from Agency, not age"
Rhythm & Timing,Rhythm Echo,1,4-5,"Short phrases, descriptive language",Icons + light text labels,"Generic scaffold — prompt/visual must be refined per skill + tier; interaction demands come from Agency, not age"
Rhythm & Timing,Rhythm Echo,1,6-7,Musical vocabulary introduced,"Reduced metaphors, cleaner UI","Generic scaffold — prompt/visual must be refined per skill + tier; interaction demands come from Agency, not age"
Rhythm & Timing,Rhythm Echo,2,2-3,"Simple words, expressive modeling, minimal text","Large icons, character animation, strong metaphors","Generic scaffold — prompt/visual must be refined per skill + tier; interaction demands come from Agency, not age"
Rhythm & Timing,Rhythm Echo,2,4-5,"Short phrases, descriptive language",Icons + light text labels,"Generic scaffold — prompt/visual must be refined per skill + tier; interaction demands come from Agency, not age"
Rhythm & Timing,Rhythm Echo,2,6-7,Musical vocabulary introduced,"Reduced metaphors, cleaner UI","Generic scaffold — prompt/visual must be refined per skill + tier; interaction demands come from Agency, not age"
Rhythm & Timing,Rhythm Echo,3,2-3,"Simple words, expressive modeling, minimal text","Large icons, character animation, strong metaphors","Generic scaffold — prompt/visual must be refined per skill + tier; interaction demands come from Agency, not age"
Rhythm & Timing,Rhythm Echo,3,4-5,"Short phrases, descriptive language",Icons + light text labels,"Generic scaffold — prompt/visual must be refined per skill + tier; interaction demands come from Agency, not age"
Rhythm & Timing,Rhythm Echo,3,6-7,Musical vocabulary introduced,"Reduced metaphors, cleaner UI","Generic scaffold — prompt/visual must be refined per skill + tier; interaction demands come from Agency, not age"
Rhythm & Timing,Rhythm Echo,4,2-3,"Simple words, expressive modeling, minimal text","Large icons, character animation, strong metaphors","Generic scaffold — prompt/visual must be refined per skill + tier; interaction demands come from Agency, not age"
Rhythm & Timing,Rhythm Echo,4,4-5,"Short phrases, descriptive language",Icons + light text labels,"Generic scaffold — prompt/visual must be refined per skill + tier; interaction demands come from Agency, not age"
Rhythm & Timing,Rhythm Echo,4,6-7,Musical vocabulary introduced,"Reduced metaphors, cleaner UI","Generic scaffold — prompt/visual must be refined per skill + tier; interaction demands come from Agency, not age"
Rhythm & Timing,Tempo Awareness,1,2-3,"Simple words, expressive modeling, minimal text","Large icons, character animation, strong metaphors","Generic scaffold — prompt/visual must be refined per skill + tier; interaction demands come from Agency, not age"
Rhythm & Timing,Tempo Awareness,1,4-5,"Short phrases, descriptive language",Icons + light text labels,"Generic scaffold — prompt/visual must be refined per skill + tier; interaction demands come from Agency, not age"
Rhythm & Timing,Tempo Awareness,1,6-7,Musical vocabulary introduced,"Reduced metaphors, cleaner UI","Generic scaffold — prompt/visual must be refined per skill + tier; interaction demands come from Agency, not age"
Rhythm & Timing,Tempo Awareness,2,2-3,"Simple words, expressive modeling, minimal text","Large icons, character animation, strong metaphors","Generic scaffold — prompt/visual must be refined per skill + tier; interaction demands come from Agency, not age"
Rhythm & Timing,Tempo Awareness,2,4-5,"Short phrases, descriptive language",Icons + light text labels,"Generic scaffold — prompt/visual must be refined per skill + tier; interaction demands come from Agency, not age"
Rhythm & Timing,Tempo Awareness,2,6-7,Musical vocabulary introduced,"Reduced metaphors, cleaner UI","Generic scaffold — prompt/visual must be refined per skill + tier; interaction demands come from Agency, not age"
Rhythm & Timing,Tempo Awareness,3,2-3,"Simple words, expressive modeling, minimal text","Large icons, character animation, strong metaphors","Generic scaffold — prompt/visual must be refined per skill + tier; interaction demands come from Agency, not age"
Rhythm & Timing,Tempo Awareness,3,4-5,"Short phrases, descriptive language",Icons + light text labels,"Generic scaffold — prompt/visual must be refined per skill + tier; interaction demands come from Agency, not age"
Rhythm & Timing,Tempo Awareness,3,6-7,Musical vocabulary introduced,"Reduced metaphors, cleaner UI","Generic scaffold — prompt/visual must be refined per skill + tier; interaction demands come from Agency, not age"
Rhythm & Timing,Tempo Awareness,4,2-3,"Simple words, expressive modeling, minimal text","Large icons, character animation, strong metaphors","Generic scaffold — prompt/visual must be refined per skill + tier; interaction demands come from Agency, not age"
Rhythm & Timing,Tempo Awareness,4,4-5,"Short phrases, descriptive language",Icons + light text labels,"Generic scaffold — prompt/visual must be refined per skill + tier; interaction demands come from Agency, not age"
Rhythm & Timing,Tempo Awareness,4,6-7,Musical vocabulary introduced,"Reduced metaphors, cleaner UI","Generic scaffold — prompt/visual must be refined per skill + tier; interaction demands come from Agency, not age"
Rhythm & Timing,Count-and-Accent,1,2-3,"Simple words, expressive modeling, minimal text","Large icons, character animation, strong metaphors","Generic scaffold — prompt/visual must be refined per skill + tier; interaction demands come from Agency, not age"
Rhythm & Timing,Count-and-Accent,1,4-5,"Short phrases, descriptive language",Icons + light text labels,"Generic scaffold — prompt/visual must be refined per skill + tier; interaction demands come from Agency, not age"
Rhythm & Timing,Count-and-Accent,1,6-7,Musical vocabulary introduced,"Reduced metaphors, cleaner UI","Generic scaffold — prompt/visual must be refined per skill + tier; interaction demands come from Agency, not age"
Rhythm & Timing,Count-and-Accent,2,2-3,"Simple words, expressive modeling, minimal text","Large icons, character animation, strong metaphors","Generic scaffold — prompt/visual must be refined per skill + tier; interaction demands come from Agency, not age"
Rhythm & Timing,Count-and-Accent,2,4-5,"Short phrases, descriptive language",Icons + light text labels,"Generic scaffold — prompt/visual must be refined per skill + tier; interaction demands come from Agency, not age"
Rhythm & Timing,Count-and-Accent,2,6-7,Musical vocabulary introduced,"Reduced metaphors, cleaner UI","Generic scaffold — prompt/visual must be refined per skill + tier; interaction demands come from Agency, not age"
Rhythm & Timing,Count-and-Accent,3,2-3,"Simple words, expressive modeling, minimal text","Large icons, character animation, strong metaphors","Generic scaffold — prompt/visual must be refined per skill + tier; interaction demands come from Agency, not age"
Rhythm & Timing,Count-and-Accent,3,4-5,"Short phrases, descriptive language",Icons + light text labels,"Generic scaffold — prompt/visual must be refined per skill + tier; interaction demands come from Agency, not age"
Rhythm & Timing,Count-and-Accent,3,6-7,Musical vocabulary introduced,"Reduced metaphors, cleaner UI","Generic scaffold — prompt/visual must be refined per skill + tier; interaction demands come from Agency, not age"
Rhythm & Timing,Count-and-Accent,4,2-3,"Simple words, expressive modeling, minimal text","Large icons, character animation, strong metaphors","Generic scaffold — prompt/visual must be refined per skill + tier; interaction demands come from Agency, not age"
Rhythm & Timing,Count-and-Accent,4,4-5,"Short phrases, descriptive language",Icons + light text labels,"Generic scaffold — prompt/visual must be refined per skill + tier; interaction demands come from Agency, not age"
Rhythm & Timing,Count-and-Accent,4,6-7,Musical vocabulary introduced,"Reduced metaphors, cleaner UI","Generic scaffold — prompt/visual must be refined per skill + tier; interaction demands come from Agency, not age"
Anticipation & Musical Punctuation,Call & Response Echo,1,2-3,"Simple words, expressive modeling, minimal text","Large icons, character animation, strong metaphors","Generic scaffold — prompt/visual must be refined per skill + tier; interaction demands come from Agency, not age"
Anticipation & Musical Punctuation,Call & Response Echo,1,4-5,"Short phrases, descriptive language",Icons + light text labels,"Generic scaffold — prompt/visual must be refined per skill + tier; interaction demands come from Agency, not age"
Anticipation & Musical Punctuation,Call & Response Echo,1,6-7,Musical vocabulary introduced,"Reduced metaphors, cleaner UI","Generic scaffold — prompt/visual must be refined per skill + tier; interaction demands come from Agency, not age"
Anticipation & Musical Punctuation,Call & Response Echo,2,2-3,"Simple words, expressive modeling, minimal text","Large icons, character animation, strong metaphors","Generic scaffold — prompt/visual must be refined per skill + tier; interaction demands come from Agency, not age"
Anticipation & Musical Punctuation,Call & Response Echo,2,4-5,"Short phrases, descriptive language",Icons + light text labels,"Generic scaffold — prompt/visual must be refined per skill + tier; interaction demands come from Agency, not age"
Anticipation & Musical Punctuation,Call & Response Echo,2,6-7,Musical vocabulary introduced,"Reduced metaphors, cleaner UI","Generic scaffold — prompt/visual must be refined per skill + tier; interaction demands come from Agency, not age"
Anticipation & Musical Punctuation,Call & Response Echo,3,2-3,"Simple words, expressive modeling, minimal text","Large icons, character animation, strong metaphors","Generic scaffold — prompt/visual must be refined per skill + tier; interaction demands come from Agency, not age"
Anticipation & Musical Punctuation,Call & Response Echo,3,4-5,"Short phrases, descriptive language",Icons + light text labels,"Generic scaffold — prompt/visual must be refined per skill + tier; interaction demands come from Agency, not age"
Anticipation & Musical Punctuation,Call & Response Echo,3,6-7,Musical vocabulary introduced,"Reduced metaphors, cleaner UI","Generic scaffold — prompt/visual must be refined per skill + tier; interaction demands come from Agency, not age"
Anticipation & Musical Punctuation,Call & Response Echo,4,2-3,"Simple words, expressive modeling, minimal text","Large icons, character animation, strong metaphors","Generic scaffold — prompt/visual must be refined per skill + tier; interaction demands come from Agency, not age"
Anticipation & Musical Punctuation,Call & Response Echo,4,4-5,"Short phrases, descriptive language",Icons + light text labels,"Generic scaffold — prompt/visual must be refined per skill + tier; interaction demands come from Agency, not age"
Anticipation & Musical Punctuation,Call & Response Echo,4,6-7,Musical vocabulary introduced,"Reduced metaphors, cleaner UI","Generic scaffold — prompt/visual must be refined per skill + tier; interaction demands come from Agency, not age"
Anticipation & Musical Punctuation,Wait... BOO!,1,2-3,"Simple words, expressive modeling, minimal text","Large icons, character animation, strong metaphors","Generic scaffold — prompt/visual must be refined per skill + tier; interaction demands come from Agency, not age"
Anticipation & Musical Punctuation,Wait... BOO!,1,4-5,"Short phrases, descriptive language",Icons + light text labels,"Generic scaffold — prompt/visual must be refined per skill + tier; interaction demands come from Agency, not age"
Anticipation & Musical Punctuation,Wait... BOO!,1,6-7,Musical vocabulary introduced,"Reduced metaphors, cleaner UI","Generic scaffold — prompt/visual must be refined per skill + tier; interaction demands come from Agency, not age"
Anticipation & Musical Punctuation,Wait... BOO!,2,2-3,"Simple words, expressive modeling, minimal text","Large icons, character animation, strong metaphors","Generic scaffold — prompt/visual must be refined per skill + tier; interaction demands come from Agency, not age"
Anticipation & Musical Punctuation,Wait... BOO!,2,4-5,"Short phrases, descriptive language",Icons + light text labels,"Generic scaffold — prompt/visual must be refined per skill + tier; interaction demands come from Agency, not age"
Anticipation & Musical Punctuation,Wait... BOO!,2,6-7,Musical vocabulary introduced,"Reduced metaphors, cleaner UI","Generic scaffold — prompt/visual must be refined per skill + tier; interaction demands come from Agency, not age"
Anticipation & Musical Punctuation,Wait... BOO!,3,2-3,"Simple words, expressive modeling, minimal text","Large icons, character animation, strong metaphors","Generic scaffold — prompt/visual must be refined per skill + tier; interaction demands come from Agency, not age"
Anticipation & Musical Punctuation,Wait... BOO!,3,4-5,"Short phrases, descriptive language",Icons + light text labels,"Generic scaffold — prompt/visual must be refined per skill + tier; interaction demands come from Agency, not age"
Anticipation & Musical Punctuation,Wait... BOO!,3,6-7,Musical vocabulary introduced,"Reduced metaphors, cleaner UI","Generic scaffold — prompt/visual must be refined per skill + tier; interaction demands come from Agency, not age"
Anticipation & Musical Punctuation,Wait... BOO!,4,2-3,"Simple words, expressive modeling, minimal text","Large icons, character animation, strong metaphors","Generic scaffold — prompt/visual must be refined per skill + tier; interaction demands come from Agency, not age"
Anticipation & Musical Punctuation,Wait... BOO!,4,4-5,"Short phrases, descriptive language",Icons + light text labels,"Generic scaffold — prompt/visual must be refined per skill + tier; interaction demands come from Agency, not age"
Anticipation & Musical Punctuation,Wait... BOO!,4,6-7,Musical vocabulary introduced,"Reduced metaphors, cleaner UI","Generic scaffold — prompt/visual must be refined per skill + tier; interaction demands come from Agency, not age"
Anticipation & Musical Punctuation,Variable Pause Recognition,1,2-3,"Simple words, expressive modeling, minimal text","Large icons, character animation, strong metaphors","Generic scaffold — prompt/visual must be refined per skill + tier; interaction demands come from Agency, not age"
Anticipation & Musical Punctuation,Variable Pause Recognition,1,4-5,"Short phrases, descriptive language",Icons + light text labels,"Generic scaffold — prompt/visual must be refined per skill + tier; interaction demands come from Agency, not age"
Anticipation & Musical Punctuation,Variable Pause Recognition,1,6-7,Musical vocabulary introduced,"Reduced metaphors, cleaner UI","Generic scaffold — prompt/visual must be refined per skill + tier; interaction demands come from Agency, not age"
Anticipation & Musical Punctuation,Variable Pause Recognition,2,2-3,"Simple words, expressive modeling, minimal text","Large icons, character animation, strong metaphors","Generic scaffold — prompt/visual must be refined per skill + tier; interaction demands come from Agency, not age"
Anticipation & Musical Punctuation,Variable Pause Recognition,2,4-5,"Short phrases, descriptive language",Icons + light text labels,"Generic scaffold — prompt/visual must be refined per skill + tier; interaction demands come from Agency, not age"
Anticipation & Musical Punctuation,Variable Pause Recognition,2,6-7,Musical vocabulary introduced,"Reduced metaphors, cleaner UI","Generic scaffold — prompt/visual must be refined per skill + tier; interaction demands come from Agency, not age"
Anticipation & Musical Punctuation,Variable Pause Recognition,3,2-3,"Simple words, expressive modeling, minimal text","Large icons, character animation, strong metaphors","Generic scaffold — prompt/visual must be refined per skill + tier; interaction demands come from Agency, not age"
Anticipation & Musical Punctuation,Variable Pause Recognition,3,4-5,"Short phrases, descriptive language",Icons + light text labels,"Generic scaffold — prompt/visual must be refined per skill + tier; interaction demands come from Agency, not age"
Anticipation & Musical Punctuation,Variable Pause Recognition,3,6-7,Musical vocabulary introduced,"Reduced metaphors, cleaner UI","Generic scaffold — prompt/visual must be refined per skill + tier; interaction demands come from Agency, not age"
Anticipation & Musical Punctuation,Variable Pause Recognition,4,2-3,"Simple words, expressive modeling, minimal text","Large icons, character animation, strong metaphors","Generic scaffold — prompt/visual must be refined per skill + tier; interaction demands come from Agency, not age"
Anticipation & Musical Punctuation,Variable Pause Recognition,4,4-5,"Short phrases, descriptive language",Icons + light text labels,"Generic scaffold — prompt/visual must be refined per skill + tier; interaction demands come from Agency, not age"
Anticipation & Musical Punctuation,Variable Pause Recognition,4,6-7,Musical vocabulary introduced,"Reduced metaphors, cleaner UI","Generic scaffold — prompt/visual must be refined per skill + tier; interaction demands come from Agency, not age"
Anticipation & Musical Punctuation,Phrase Ending Recognition,1,2-3,"Simple words, expressive modeling, minimal text","Large icons, character animation, strong metaphors","Generic scaffold — prompt/visual must be refined per skill + tier; interaction demands come from Agency, not age"
Anticipation & Musical Punctuation,Phrase Ending Recognition,1,4-5,"Short phrases, descriptive language",Icons + light text labels,"Generic scaffold — prompt/visual must be refined per skill + tier; interaction demands come from Agency, not age"
Anticipation & Musical Punctuation,Phrase Ending Recognition,1,6-7,Musical vocabulary introduced,"Reduced metaphors, cleaner UI","Generic scaffold — prompt/visual must be refined per skill + tier; interaction demands come from Agency, not age"
Anticipation & Musical Punctuation,Phrase Ending Recognition,2,2-3,"Simple words, expressive modeling, minimal text","Large icons, character animation, strong metaphors","Generic scaffold — prompt/visual must be refined per skill + tier; interaction demands come from Agency, not age"
Anticipation & Musical Punctuation,Phrase Ending Recognition,2,4-5,"Short phrases, descriptive language",Icons + light text labels,"Generic scaffold — prompt/visual must be refined per skill + tier; interaction demands come from Agency, not age"
Anticipation & Musical Punctuation,Phrase Ending Recognition,2,6-7,Musical vocabulary introduced,"Reduced metaphors, cleaner UI","Generic scaffold — prompt/visual must be refined per skill + tier; interaction demands come from Agency, not age"
Anticipation & Musical Punctuation,Phrase Ending Recognition,3,2-3,"Simple words, expressive modeling, minimal text","Large icons, character animation, strong metaphors","Generic scaffold — prompt/visual must be refined per skill + tier; interaction demands come from Agency, not age"
Anticipation & Musical Punctuation,Phrase Ending Recognition,3,4-5,"Short phrases, descriptive language",Icons + light text labels,"Generic scaffold — prompt/visual must be refined per skill + tier; interaction demands come from Agency, not age"
Anticipation & Musical Punctuation,Phrase Ending Recognition,3,6-7,Musical vocabulary introduced,"Reduced metaphors, cleaner UI","Generic scaffold — prompt/visual must be refined per skill + tier; interaction demands come from Agency, not age"
Anticipation & Musical Punctuation,Phrase Ending Recognition,4,2-3,"Simple words, expressive modeling, minimal text","Large icons, character animation, strong metaphors","Generic scaffold — prompt/visual must be refined per skill + tier; interaction demands come from Agency, not age"
Anticipation & Musical Punctuation,Phrase Ending Recognition,4,4-5,"Short phrases, descriptive language",Icons + light text labels,"Generic scaffold — prompt/visual must be refined per skill + tier; interaction demands come from Agency, not age"
Anticipation & Musical Punctuation,Phrase Ending Recognition,4,6-7,Musical vocabulary introduced,"Reduced metaphors, cleaner UI","Generic scaffold — prompt/visual must be refined per skill + tier; interaction demands come from Agency, not age"
Anticipation & Musical Punctuation,Surprise Accent Detection,1,2-3,"Simple words, expressive modeling, minimal text","Large icons, character animation, strong metaphors","Generic scaffold — prompt/visual must be refined per skill + tier; interaction demands come from Agency, not age"
Anticipation & Musical Punctuation,Surprise Accent Detection,1,4-5,"Short phrases, descriptive language",Icons + light text labels,"Generic scaffold — prompt/visual must be refined per skill + tier; interaction demands come from Agency, not age"
Anticipation & Musical Punctuation,Surprise Accent Detection,1,6-7,Musical vocabulary introduced,"Reduced metaphors, cleaner UI","Generic scaffold — prompt/visual must be refined per skill + tier; interaction demands come from Agency, not age"
Anticipation & Musical Punctuation,Surprise Accent Detection,2,2-3,"Simple words, expressive modeling, minimal text","Large icons, character animation, strong metaphors","Generic scaffold — prompt/visual must be refined per skill + tier; interaction demands come from Agency, not age"
Anticipation & Musical Punctuation,Surprise Accent Detection,2,4-5,"Short phrases, descriptive language",Icons + light text labels,"Generic scaffold — prompt/visual must be refined per skill + tier; interaction demands come from Agency, not age"
Anticipation & Musical Punctuation,Surprise Accent Detection,2,6-7,Musical vocabulary introduced,"Reduced metaphors, cleaner UI","Generic scaffold — prompt/visual must be refined per skill + tier; interaction demands come from Agency, not age"
Anticipation & Musical Punctuation,Surprise Accent Detection,3,2-3,"Simple words, expressive modeling, minimal text","Large icons, character animation, strong metaphors","Generic scaffold — prompt/visual must be refined per skill + tier; interaction demands come from Agency, not age"
Anticipation & Musical Punctuation,Surprise Accent Detection,3,4-5,"Short phrases, descriptive language",Icons + light text labels,"Generic scaffold — prompt/visual must be refined per skill + tier; interaction demands come from Agency, not age"
Anticipation & Musical Punctuation,Surprise Accent Detection,3,6-7,Musical vocabulary introduced,"Reduced metaphors, cleaner UI","Generic scaffold — prompt/visual must be refined per skill + tier; interaction demands come from Agency, not age"
Anticipation & Musical Punctuation,Surprise Accent Detection,4,2-3,"Simple words, expressive modeling, minimal text","Large icons, character animation, strong metaphors","Generic scaffold — prompt/visual must be refined per skill + tier; interaction demands come from Agency, not age"
Anticipation & Musical Punctuation,Surprise Accent Detection,4,4-5,"Short phrases, descriptive language",Icons + light text labels,"Generic scaffold — prompt/visual must be refined per skill + tier; interaction demands come from Agency, not age"
Anticipation & Musical Punctuation,Surprise Accent Detection,4,6-7,Musical vocabulary introduced,"Reduced metaphors, cleaner UI","Generic scaffold — prompt/visual must be refined per skill + tier; interaction demands come from Agency, not age"
Tonal Contrast & Resolution,Mode Contrast,1,2-3,"Simple words, expressive modeling, minimal text","Large icons, character animation, strong metaphors","Generic scaffold — prompt/visual must be refined per skill + tier; interaction demands come from Agency, not age"
Tonal Contrast & Resolution,Mode Contrast,1,4-5,"Short phrases, descriptive language",Icons + light text labels,"Generic scaffold — prompt/visual must be refined per skill + tier; interaction demands come from Agency, not age"
Tonal Contrast & Resolution,Mode Contrast,1,6-7,Musical vocabulary introduced,"Reduced metaphors, cleaner UI","Generic scaffold — prompt/visual must be refined per skill + tier; interaction demands come from Agency, not age"
Tonal Contrast & Resolution,Mode Contrast,2,2-3,"Simple words, expressive modeling, minimal text","Large icons, character animation, strong metaphors","Generic scaffold — prompt/visual must be refined per skill + tier; interaction demands come from Agency, not age"
Tonal Contrast & Resolution,Mode Contrast,2,4-5,"Short phrases, descriptive language",Icons + light text labels,"Generic scaffold — prompt/visual must be refined per skill + tier; interaction demands come from Agency, not age"
Tonal Contrast & Resolution,Mode Contrast,2,6-7,Musical vocabulary introduced,"Reduced metaphors, cleaner UI","Generic scaffold — prompt/visual must be refined per skill + tier; interaction demands come from Agency, not age"
Tonal Contrast & Resolution,Mode Contrast,3,2-3,"Simple words, expressive modeling, minimal text","Large icons, character animation, strong metaphors","Generic scaffold — prompt/visual must be refined per skill + tier; interaction demands come from Agency, not age"
Tonal Contrast & Resolution,Mode Contrast,3,4-5,"Short phrases, descriptive language",Icons + light text labels,"Generic scaffold — prompt/visual must be refined per skill + tier; interaction demands come from Agency, not age"
Tonal Contrast & Resolution,Mode Contrast,3,6-7,Musical vocabulary introduced,"Reduced metaphors, cleaner UI","Generic scaffold — prompt/visual must be refined per skill + tier; interaction demands come from Agency, not age"
Tonal Contrast & Resolution,Mode Contrast,4,2-3,"Simple words, expressive modeling, minimal text","Large icons, character animation, strong metaphors","Generic scaffold — prompt/visual must be refined per skill + tier; interaction demands come from Agency, not age"
Tonal Contrast & Resolution,Mode Contrast,4,4-5,"Short phrases, descriptive language",Icons + light text labels,"Generic scaffold — prompt/visual must be refined per skill + tier; interaction demands come from Agency, not age"
Tonal Contrast & Resolution,Mode Contrast,4,6-7,Musical vocabulary introduced,"Reduced metaphors, cleaner UI","Generic scaffold — prompt/visual must be refined per skill + tier; interaction demands come from Agency, not age"
Tonal Contrast & Resolution,Resolution Awareness,1,2-3,"Simple words, expressive modeling, minimal text","Large icons, character animation, strong metaphors","Generic scaffold — prompt/visual must be refined per skill + tier; interaction demands come from Agency, not age"
Tonal Contrast & Resolution,Resolution Awareness,1,4-5,"Short phrases, descriptive language",Icons + light text labels,"Generic scaffold — prompt/visual must be refined per skill + tier; interaction demands come from Agency, not age"
Tonal Contrast & Resolution,Resolution Awareness,1,6-7,Musical vocabulary introduced,"Reduced metaphors, cleaner UI","Generic scaffold — prompt/visual must be refined per skill + tier; interaction demands come from Agency, not age"
Tonal Contrast & Resolution,Resolution Awareness,2,2-3,"Simple words, expressive modeling, minimal text","Large icons, character animation, strong metaphors","Generic scaffold — prompt/visual must be refined per skill + tier; interaction demands come from Agency, not age"
Tonal Contrast & Resolution,Resolution Awareness,2,4-5,"Short phrases, descriptive language",Icons + light text labels,"Generic scaffold — prompt/visual must be refined per skill + tier; interaction demands come from Agency, not age"
Tonal Contrast & Resolution,Resolution Awareness,2,6-7,Musical vocabulary introduced,"Reduced metaphors, cleaner UI","Generic scaffold — prompt/visual must be refined per skill + tier; interaction demands come from Agency, not age"
Tonal Contrast & Resolution,Resolution Awareness,3,2-3,"Simple words, expressive modeling, minimal text","Large icons, character animation, strong metaphors","Generic scaffold — prompt/visual must be refined per skill + tier; interaction demands come from Agency, not age"
Tonal Contrast & Resolution,Resolution Awareness,3,4-5,"Short phrases, descriptive language",Icons + light text labels,"Generic scaffold — prompt/visual must be refined per skill + tier; interaction demands come from Agency, not age"
Tonal Contrast & Resolution,Resolution Awareness,3,6-7,Musical vocabulary introduced,"Reduced metaphors, cleaner UI","Generic scaffold — prompt/visual must be refined per skill + tier; interaction demands come from Agency, not age"
Tonal Contrast & Resolution,Resolution Awareness,4,2-3,"Simple words, expressive modeling, minimal text","Large icons, character animation, strong metaphors","Generic scaffold — prompt/visual must be refined per skill + tier; interaction demands come from Agency, not age"
Tonal Contrast & Resolution,Resolution Awareness,4,4-5,"Short phrases, descriptive language",Icons + light text labels,"Generic scaffold — prompt/visual must be refined per skill + tier; interaction demands come from Agency, not age"
Tonal Contrast & Resolution,Resolution Awareness,4,6-7,Musical vocabulary introduced,"Reduced metaphors, cleaner UI","Generic scaffold — prompt/visual must be refined per skill + tier; interaction demands come from Agency, not age"
Sound Making & Sound Shaping,Attack Control,1,2-3,"Simple words, expressive modeling, minimal text","Large icons, character animation, strong metaphors","Generic scaffold — prompt/visual must be refined per skill + tier; interaction demands come from Agency, not age"
Sound Making & Sound Shaping,Attack Control,1,4-5,"Short phrases, descriptive language",Icons + light text labels,"Generic scaffold — prompt/visual must be refined per skill + tier; interaction demands come from Agency, not age"
Sound Making & Sound Shaping,Attack Control,1,6-7,Musical vocabulary introduced,"Reduced metaphors, cleaner UI","Generic scaffold — prompt/visual must be refined per skill + tier; interaction demands come from Agency, not age"
Sound Making & Sound Shaping,Attack Control,2,2-3,"Simple words, expressive modeling, minimal text","Large icons, character animation, strong metaphors","Generic scaffold — prompt/visual must be refined per skill + tier; interaction demands come from Agency, not age"
Sound Making & Sound Shaping,Attack Control,2,4-5,"Short phrases, descriptive language",Icons + light text labels,"Generic scaffold — prompt/visual must be refined per skill + tier; interaction demands come from Agency, not age"
Sound Making & Sound Shaping,Attack Control,2,6-7,Musical vocabulary introduced,"Reduced metaphors, cleaner UI","Generic scaffold — prompt/visual must be refined per skill + tier; interaction demands come from Agency, not age"
Sound Making & Sound Shaping,Attack Control,3,2-3,"Simple words, expressive modeling, minimal text","Large icons, character animation, strong metaphors","Generic scaffold — prompt/visual must be refined per skill + tier; interaction demands come from Agency, not age"
Sound Making & Sound Shaping,Attack Control,3,4-5,"Short phrases, descriptive language",Icons + light text labels,"Generic scaffold — prompt/visual must be refined per skill + tier; interaction demands come from Agency, not age"
Sound Making & Sound Shaping,Attack Control,3,6-7,Musical vocabulary introduced,"Reduced metaphors, cleaner UI","Generic scaffold — prompt/visual must be refined per skill + tier; interaction demands come from Agency, not age"
Sound Making & Sound Shaping,Attack Control,4,2-3,"Simple words, expressive modeling, minimal text","Large icons, character animation, strong metaphors","Generic scaffold — prompt/visual must be refined per skill + tier; interaction demands come from Agency, not age"
Sound Making & Sound Shaping,Attack Control,4,4-5,"Short phrases, descriptive language",Icons + light text labels,"Generic scaffold — prompt/visual must be refined per skill + tier; interaction demands come from Agency, not age"
Sound Making & Sound Shaping,Attack Control,4,6-7,Musical vocabulary introduced,"Reduced metaphors, cleaner UI","Generic scaffold — prompt/visual must be refined per skill + tier; interaction demands come from Agency, not age"
Sound Making & Sound Shaping,Sustain Control,1,2-3,"Simple words, expressive modeling, minimal text","Large icons, character animation, strong metaphors","Generic scaffold — prompt/visual must be refined per skill + tier; interaction demands come from Agency, not age"
Sound Making & Sound Shaping,Sustain Control,1,4-5,"Short phrases, descriptive language",Icons + light text labels,"Generic scaffold — prompt/visual must be refined per skill + tier; interaction demands come from Agency, not age"
Sound Making & Sound Shaping,Sustain Control,1,6-7,Musical vocabulary introduced,"Reduced metaphors, cleaner UI","Generic scaffold — prompt/visual must be refined per skill + tier; interaction demands come from Agency, not age"
Sound Making & Sound Shaping,Sustain Control,2,2-3,"Simple words, expressive modeling, minimal text","Large icons, character animation, strong metaphors","Generic scaffold — prompt/visual must be refined per skill + tier; interaction demands come from Agency, not age"
Sound Making & Sound Shaping,Sustain Control,2,4-5,"Short phrases, descriptive language",Icons + light text labels,"Generic scaffold — prompt/visual must be refined per skill + tier; interaction demands come from Agency, not age"
Sound Making & Sound Shaping,Sustain Control,2,6-7,Musical vocabulary introduced,"Reduced metaphors, cleaner UI","Generic scaffold — prompt/visual must be refined per skill + tier; interaction demands come from Agency, not age"
Sound Making & Sound Shaping,Sustain Control,3,2-3,"Simple words, expressive modeling, minimal text","Large icons, character animation, strong metaphors","Generic scaffold — prompt/visual must be refined per skill + tier; interaction demands come from Agency, not age"
Sound Making & Sound Shaping,Sustain Control,3,4-5,"Short phrases, descriptive language",Icons + light text labels,"Generic scaffold — prompt/visual must be refined per skill + tier; interaction demands come from Agency, not age"
Sound Making & Sound Shaping,Sustain Control,3,6-7,Musical vocabulary introduced,"Reduced metaphors, cleaner UI","Generic scaffold — prompt/visual must be refined per skill + tier; interaction demands come from Agency, not age"
Sound Making & Sound Shaping,Sustain Control,4,2-3,"Simple words, expressive modeling, minimal text","Large icons, character animation, strong metaphors","Generic scaffold — prompt/visual must be refined per skill + tier; interaction demands come from Agency, not age"
Sound Making & Sound Shaping,Sustain Control,4,4-5,"Short phrases, descriptive language",Icons + light text labels,"Generic scaffold — prompt/visual must be refined per skill + tier; interaction demands come from Agency, not age"
Sound Making & Sound Shaping,Sustain Control,4,6-7,Musical vocabulary introduced,"Reduced metaphors, cleaner UI","Generic scaffold — prompt/visual must be refined per skill + tier; interaction demands come from Agency, not age"
Sound Making & Sound Shaping,Release Control,1,2-3,"Simple words, expressive modeling, minimal text","Large icons, character animation, strong metaphors","Generic scaffold — prompt/visual must be refined per skill + tier; interaction demands come from Agency, not age"
Sound Making & Sound Shaping,Release Control,1,4-5,"Short phrases, descriptive language",Icons + light text labels,"Generic scaffold — prompt/visual must be refined per skill + tier; interaction demands come from Agency, not age"
Sound Making & Sound Shaping,Release Control,1,6-7,Musical vocabulary introduced,"Reduced metaphors, cleaner UI","Generic scaffold — prompt/visual must be refined per skill + tier; interaction demands come from Agency, not age"
Sound Making & Sound Shaping,Release Control,2,2-3,"Simple words, expressive modeling, minimal text","Large icons, character animation, strong metaphors","Generic scaffold — prompt/visual must be refined per skill + tier; interaction demands come from Agency, not age"
Sound Making & Sound Shaping,Release Control,2,4-5,"Short phrases, descriptive language",Icons + light text labels,"Generic scaffold — prompt/visual must be refined per skill + tier; interaction demands come from Agency, not age"
Sound Making & Sound Shaping,Release Control,2,6-7,Musical vocabulary introduced,"Reduced metaphors, cleaner UI","Generic scaffold — prompt/visual must be refined per skill + tier; interaction demands come from Agency, not age"
Sound Making & Sound Shaping,Release Control,3,2-3,"Simple words, expressive modeling, minimal text","Large icons, character animation, strong metaphors","Generic scaffold — prompt/visual must be refined per skill + tier; interaction demands come from Agency, not age"
Sound Making & Sound Shaping,Release Control,3,4-5,"Short phrases, descriptive language",Icons + light text labels,"Generic scaffold — prompt/visual must be refined per skill + tier; interaction demands come from Agency, not age"
Sound Making & Sound Shaping,Release Control,3,6-7,Musical vocabulary introduced,"Reduced metaphors, cleaner UI","Generic scaffold — prompt/visual must be refined per skill + tier; interaction demands come from Agency, not age"
Sound Making & Sound Shaping,Release Control,4,2-3,"Simple words, expressive modeling, minimal text","Large icons, character animation, strong metaphors","Generic scaffold — prompt/visual must be refined per skill + tier; interaction demands come from Agency, not age"
Sound Making & Sound Shaping,Release Control,4,4-5,"Short phrases, descriptive language",Icons + light text labels,"Generic scaffold — prompt/visual must be refined per skill + tier; interaction demands come from Agency, not age"
Sound Making & Sound Shaping,Release Control,4,6-7,Musical vocabulary introduced,"Reduced metaphors, cleaner UI","Generic scaffold — prompt/visual must be refined per skill + tier; interaction demands come from Agency, not age"
Sound Making & Sound Shaping,Dynamic Control,1,2-3,"Simple words, expressive modeling, minimal text","Large icons, character animation, strong metaphors","Generic scaffold — prompt/visual must be refined per skill + tier; interaction demands come from Agency, not age"
Sound Making & Sound Shaping,Dynamic Control,1,4-5,"Short phrases, descriptive language",Icons + light text labels,"Generic scaffold — prompt/visual must be refined per skill + tier; interaction demands come from Agency, not age"
Sound Making & Sound Shaping,Dynamic Control,1,6-7,Musical vocabulary introduced,"Reduced metaphors, cleaner UI","Generic scaffold — prompt/visual must be refined per skill + tier; interaction demands come from Agency, not age"
Sound Making & Sound Shaping,Dynamic Control,2,2-3,"Simple words, expressive modeling, minimal text","Large icons, character animation, strong metaphors","Generic scaffold — prompt/visual must be refined per skill + tier; interaction demands come from Agency, not age"
Sound Making & Sound Shaping,Dynamic Control,2,4-5,"Short phrases, descriptive language",Icons + light text labels,"Generic scaffold — prompt/visual must be refined per skill + tier; interaction demands come from Agency, not age"
Sound Making & Sound Shaping,Dynamic Control,2,6-7,Musical vocabulary introduced,"Reduced metaphors, cleaner UI","Generic scaffold — prompt/visual must be refined per skill + tier; interaction demands come from Agency, not age"
Sound Making & Sound Shaping,Dynamic Control,3,2-3,"Simple words, expressive modeling, minimal text","Large icons, character animation, strong metaphors","Generic scaffold — prompt/visual must be refined per skill + tier; interaction demands come from Agency, not age"
Sound Making & Sound Shaping,Dynamic Control,3,4-5,"Short phrases, descriptive language",Icons + light text labels,"Generic scaffold — prompt/visual must be refined per skill + tier; interaction demands come from Agency, not age"
Sound Making & Sound Shaping,Dynamic Control,3,6-7,Musical vocabulary introduced,"Reduced metaphors, cleaner UI","Generic scaffold — prompt/visual must be refined per skill + tier; interaction demands come from Agency, not age"
Sound Making & Sound Shaping,Dynamic Control,4,2-3,"Simple words, expressive modeling, minimal text","Large icons, character animation, strong metaphors","Generic scaffold — prompt/visual must be refined per skill + tier; interaction demands come from Agency, not age"
Sound Making & Sound Shaping,Dynamic Control,4,4-5,"Short phrases, descriptive language",Icons + light text labels,"Generic scaffold — prompt/visual must be refined per skill + tier; interaction demands come from Agency, not age"
Sound Making & Sound Shaping,Dynamic Control,4,6-7,Musical vocabulary introduced,"Reduced metaphors, cleaner UI","Generic scaffold — prompt/visual must be refined per skill + tier; interaction demands come from Agency, not age"
Sound Making & Sound Shaping,Shake the Sound,1,2-3,"Simple words, expressive modeling, minimal text","Large icons, character animation, strong metaphors","Generic scaffold — prompt/visual must be refined per skill + tier; interaction demands come from Agency, not age"
Sound Making & Sound Shaping,Shake the Sound,1,4-5,"Short phrases, descriptive language",Icons + light text labels,"Generic scaffold — prompt/visual must be refined per skill + tier; interaction demands come from Agency, not age"
Sound Making & Sound Shaping,Shake the Sound,1,6-7,Musical vocabulary introduced,"Reduced metaphors, cleaner UI","Generic scaffold — prompt/visual must be refined per skill + tier; interaction demands come from Agency, not age"
Sound Making & Sound Shaping,Shake the Sound,2,2-3,"Simple words, expressive modeling, minimal text","Large icons, character animation, strong metaphors","Generic scaffold — prompt/visual must be refined per skill + tier; interaction demands come from Agency, not age"
Sound Making & Sound Shaping,Shake the Sound,2,4-5,"Short phrases, descriptive language",Icons + light text labels,"Generic scaffold — prompt/visual must be refined per skill + tier; interaction demands come from Agency, not age"
Sound Making & Sound Shaping,Shake the Sound,2,6-7,Musical vocabulary introduced,"Reduced metaphors, cleaner UI","Generic scaffold — prompt/visual must be refined per skill + tier; interaction demands come from Agency, not age"
Sound Making & Sound Shaping,Shake the Sound,3,2-3,"Simple words, expressive modeling, minimal text","Large icons, character animation, strong metaphors","Generic scaffold — prompt/visual must be refined per skill + tier; interaction demands come from Agency, not age"
Sound Making & Sound Shaping,Shake the Sound,3,4-5,"Short phrases, descriptive language",Icons + light text labels,"Generic scaffold — prompt/visual must be refined per skill + tier; interaction demands come from Agency, not age"
Sound Making & Sound Shaping,Shake the Sound,3,6-7,Musical vocabulary introduced,"Reduced metaphors, cleaner UI","Generic scaffold — prompt/visual must be refined per skill + tier; interaction demands come from Agency, not age"
Sound Making & Sound Shaping,Shake the Sound,4,2-3,"Simple words, expressive modeling, minimal text","Large icons, character animation, strong metaphors","Generic scaffold — prompt/visual must be refined per skill + tier; interaction demands come from Agency, not age"
Sound Making & Sound Shaping,Shake the Sound,4,4-5,"Short phrases, descriptive language",Icons + light text labels,"Generic scaffold — prompt/visual must be refined per skill + tier; interaction demands come from Agency, not age"
Sound Making & Sound Shaping,Shake the Sound,4,6-7,Musical vocabulary introduced,"Reduced metaphors, cleaner UI","Generic scaffold — prompt/visual must be refined per skill + tier; interaction demands come from Agency, not age"
Sound Making & Sound Shaping,Lip Trills / Vocal Warmups,1,2-3,"Simple words, expressive modeling, minimal text","Large icons, character animation, strong metaphors","Generic scaffold — prompt/visual must be refined per skill + tier; interaction demands come from Agency, not age"
Sound Making & Sound Shaping,Lip Trills / Vocal Warmups,1,4-5,"Short phrases, descriptive language",Icons + light text labels,"Generic scaffold — prompt/visual must be refined per skill + tier; interaction demands come from Agency, not age"
Sound Making & Sound Shaping,Lip Trills / Vocal Warmups,1,6-7,Musical vocabulary introduced,"Reduced metaphors, cleaner UI","Generic scaffold — prompt/visual must be refined per skill + tier; interaction demands come from Agency, not age"
Sound Making & Sound Shaping,Lip Trills / Vocal Warmups,2,2-3,"Simple words, expressive modeling, minimal text","Large icons, character animation, strong metaphors","Generic scaffold — prompt/visual must be refined per skill + tier; interaction demands come from Agency, not age"
Sound Making & Sound Shaping,Lip Trills / Vocal Warmups,2,4-5,"Short phrases, descriptive language",Icons + light text labels,"Generic scaffold — prompt/visual must be refined per skill + tier; interaction demands come from Agency, not age"
Sound Making & Sound Shaping,Lip Trills / Vocal Warmups,2,6-7,Musical vocabulary introduced,"Reduced metaphors, cleaner UI","Generic scaffold — prompt/visual must be refined per skill + tier; interaction demands come from Agency, not age"
Sound Making & Sound Shaping,Lip Trills / Vocal Warmups,3,2-3,"Simple words, expressive modeling, minimal text","Large icons, character animation, strong metaphors","Generic scaffold — prompt/visual must be refined per skill + tier; interaction demands come from Agency, not age"
Sound Making & Sound Shaping,Lip Trills / Vocal Warmups,3,4-5,"Short phrases, descriptive language",Icons + light text labels,"Generic scaffold — prompt/visual must be refined per skill + tier; interaction demands come from Agency, not age"
Sound Making & Sound Shaping,Lip Trills / Vocal Warmups,3,6-7,Musical vocabulary introduced,"Reduced metaphors, cleaner UI","Generic scaffold — prompt/visual must be refined per skill + tier; interaction demands come from Agency, not age"
Sound Making & Sound Shaping,Lip Trills / Vocal Warmups,4,2-3,"Simple words, expressive modeling, minimal text","Large icons, character animation, strong metaphors","Generic scaffold — prompt/visual must be refined per skill + tier; interaction demands come from Agency, not age"
Sound Making & Sound Shaping,Lip Trills / Vocal Warmups,4,4-5,"Short phrases, descriptive language",Icons + light text labels,"Generic scaffold — prompt/visual must be refined per skill + tier; interaction demands come from Agency, not age"
Sound Making & Sound Shaping,Lip Trills / Vocal Warmups,4,6-7,Musical vocabulary introduced,"Reduced metaphors, cleaner UI","Generic scaffold — prompt/visual must be refined per skill + tier; interaction demands come from Agency, not age"
Sound Making & Sound Shaping,Vowel Shape Awareness,1,2-3,"Simple words, expressive modeling, minimal text","Large icons, character animation, strong metaphors","Generic scaffold — prompt/visual must be refined per skill + tier; interaction demands come from Agency, not age"
Sound Making & Sound Shaping,Vowel Shape Awareness,1,4-5,"Short phrases, descriptive language",Icons + light text labels,"Generic scaffold — prompt/visual must be refined per skill + tier; interaction demands come from Agency, not age"
Sound Making & Sound Shaping,Vowel Shape Awareness,1,6-7,Musical vocabulary introduced,"Reduced metaphors, cleaner UI","Generic scaffold — prompt/visual must be refined per skill + tier; interaction demands come from Agency, not age"
Sound Making & Sound Shaping,Vowel Shape Awareness,2,2-3,"Simple words, expressive modeling, minimal text","Large icons, character animation, strong metaphors","Generic scaffold — prompt/visual must be refined per skill + tier; interaction demands come from Agency, not age"
Sound Making & Sound Shaping,Vowel Shape Awareness,2,4-5,"Short phrases, descriptive language",Icons + light text labels,"Generic scaffold — prompt/visual must be refined per skill + tier; interaction demands come from Agency, not age"
Sound Making & Sound Shaping,Vowel Shape Awareness,2,6-7,Musical vocabulary introduced,"Reduced metaphors, cleaner UI","Generic scaffold — prompt/visual must be refined per skill + tier; interaction demands come from Agency, not age"
Sound Making & Sound Shaping,Vowel Shape Awareness,3,2-3,"Simple words, expressive modeling, minimal text","Large icons, character animation, strong metaphors","Generic scaffold — prompt/visual must be refined per skill + tier; interaction demands come from Agency, not age"
Sound Making & Sound Shaping,Vowel Shape Awareness,3,4-5,"Short phrases, descriptive language",Icons + light text labels,"Generic scaffold — prompt/visual must be refined per skill + tier; interaction demands come from Agency, not age"
Sound Making & Sound Shaping,Vowel Shape Awareness,3,6-7,Musical vocabulary introduced,"Reduced metaphors, cleaner UI","Generic scaffold — prompt/visual must be refined per skill + tier; interaction demands come from Agency, not age"
Sound Making & Sound Shaping,Vowel Shape Awareness,4,2-3,"Simple words, expressive modeling, minimal text","Large icons, character animation, strong metaphors","Generic scaffold — prompt/visual must be refined per skill + tier; interaction demands come from Agency, not age"
Sound Making & Sound Shaping,Vowel Shape Awareness,4,4-5,"Short phrases, descriptive language",Icons + light text labels,"Generic scaffold — prompt/visual must be refined per skill + tier; interaction demands come from Agency, not age"
Sound Making & Sound Shaping,Vowel Shape Awareness,4,6-7,Musical vocabulary introduced,"Reduced metaphors, cleaner UI","Generic scaffold — prompt/visual must be refined per skill + tier; interaction demands come from Agency, not age"
Sound Making & Sound Shaping,Airflow Awareness,1,2-3,"Simple words, expressive modeling, minimal text","Large icons, character animation, strong metaphors","Generic scaffold — prompt/visual must be refined per skill + tier; interaction demands come from Agency, not age"
Sound Making & Sound Shaping,Airflow Awareness,1,4-5,"Short phrases, descriptive language",Icons + light text labels,"Generic scaffold — prompt/visual must be refined per skill + tier; interaction demands come from Agency, not age"
Sound Making & Sound Shaping,Airflow Awareness,1,6-7,Musical vocabulary introduced,"Reduced metaphors, cleaner UI","Generic scaffold — prompt/visual must be refined per skill + tier; interaction demands come from Agency, not age"
Sound Making & Sound Shaping,Airflow Awareness,2,2-3,"Simple words, expressive modeling, minimal text","Large icons, character animation, strong metaphors","Generic scaffold — prompt/visual must be refined per skill + tier; interaction demands come from Agency, not age"
Sound Making & Sound Shaping,Airflow Awareness,2,4-5,"Short phrases, descriptive language",Icons + light text labels,"Generic scaffold — prompt/visual must be refined per skill + tier; interaction demands come from Agency, not age"
Sound Making & Sound Shaping,Airflow Awareness,2,6-7,Musical vocabulary introduced,"Reduced metaphors, cleaner UI","Generic scaffold — prompt/visual must be refined per skill + tier; interaction demands come from Agency, not age"
Sound Making & Sound Shaping,Airflow Awareness,3,2-3,"Simple words, expressive modeling, minimal text","Large icons, character animation, strong metaphors","Generic scaffold — prompt/visual must be refined per skill + tier; interaction demands come from Agency, not age"
Sound Making & Sound Shaping,Airflow Awareness,3,4-5,"Short phrases, descriptive language",Icons + light text labels,"Generic scaffold — prompt/visual must be refined per skill + tier; interaction demands come from Agency, not age"
Sound Making & Sound Shaping,Airflow Awareness,3,6-7,Musical vocabulary introduced,"Reduced metaphors, cleaner UI","Generic scaffold — prompt/visual must be refined per skill + tier; interaction demands come from Agency, not age"
Sound Making & Sound Shaping,Airflow Awareness,4,2-3,"Simple words, expressive modeling, minimal text","Large icons, character animation, strong metaphors","Generic scaffold — prompt/visual must be refined per skill + tier; interaction demands come from Agency, not age"
Sound Making & Sound Shaping,Airflow Awareness,4,4-5,"Short phrases, descriptive language",Icons + light text labels,"Generic scaffold — prompt/visual must be refined per skill + tier; interaction demands come from Agency, not age"
Sound Making & Sound Shaping,Airflow Awareness,4,6-7,Musical vocabulary introduced,"Reduced metaphors, cleaner UI","Generic scaffold — prompt/visual must be refined per skill + tier; interaction demands come from Agency, not age"
Timbre & Instrument Awareness,Instrument Identification,1,2-3,"Simple words, expressive modeling, minimal text","Large icons, character animation, strong metaphors","Generic scaffold — prompt/visual must be refined per skill + tier; interaction demands come from Agency, not age"
Timbre & Instrument Awareness,Instrument Identification,1,4-5,"Short phrases, descriptive language",Icons + light text labels,"Generic scaffold — prompt/visual must be refined per skill + tier; interaction demands come from Agency, not age"
Timbre & Instrument Awareness,Instrument Identification,1,6-7,Musical vocabulary introduced,"Reduced metaphors, cleaner UI","Generic scaffold — prompt/visual must be refined per skill + tier; interaction demands come from Agency, not age"
Timbre & Instrument Awareness,Instrument Identification,2,2-3,"Simple words, expressive modeling, minimal text","Large icons, character animation, strong metaphors","Generic scaffold — prompt/visual must be refined per skill + tier; interaction demands come from Agency, not age"
Timbre & Instrument Awareness,Instrument Identification,2,4-5,"Short phrases, descriptive language",Icons + light text labels,"Generic scaffold — prompt/visual must be refined per skill + tier; interaction demands come from Agency, not age"
Timbre & Instrument Awareness,Instrument Identification,2,6-7,Musical vocabulary introduced,"Reduced metaphors, cleaner UI","Generic scaffold — prompt/visual must be refined per skill + tier; interaction demands come from Agency, not age"
Timbre & Instrument Awareness,Instrument Identification,3,2-3,"Simple words, expressive modeling, minimal text","Large icons, character animation, strong metaphors","Generic scaffold — prompt/visual must be refined per skill + tier; interaction demands come from Agency, not age"
Timbre & Instrument Awareness,Instrument Identification,3,4-5,"Short phrases, descriptive language",Icons + light text labels,"Generic scaffold — prompt/visual must be refined per skill + tier; interaction demands come from Agency, not age"
Timbre & Instrument Awareness,Instrument Identification,3,6-7,Musical vocabulary introduced,"Reduced metaphors, cleaner UI","Generic scaffold — prompt/visual must be refined per skill + tier; interaction demands come from Agency, not age"
Timbre & Instrument Awareness,Instrument Identification,4,2-3,"Simple words, expressive modeling, minimal text","Large icons, character animation, strong metaphors","Generic scaffold — prompt/visual must be refined per skill + tier; interaction demands come from Agency, not age"
Timbre & Instrument Awareness,Instrument Identification,4,4-5,"Short phrases, descriptive language",Icons + light text labels,"Generic scaffold — prompt/visual must be refined per skill + tier; interaction demands come from Agency, not age"
Timbre & Instrument Awareness,Instrument Identification,4,6-7,Musical vocabulary introduced,"Reduced metaphors, cleaner UI","Generic scaffold — prompt/visual must be refined per skill + tier; interaction demands come from Agency, not age"
Timbre & Instrument Awareness,Same Note Different Instrument,1,2-3,"Simple words, expressive modeling, minimal text","Large icons, character animation, strong metaphors","Generic scaffold — prompt/visual must be refined per skill + tier; interaction demands come from Agency, not age"
Timbre & Instrument Awareness,Same Note Different Instrument,1,4-5,"Short phrases, descriptive language",Icons + light text labels,"Generic scaffold — prompt/visual must be refined per skill + tier; interaction demands come from Agency, not age"
Timbre & Instrument Awareness,Same Note Different Instrument,1,6-7,Musical vocabulary introduced,"Reduced metaphors, cleaner UI","Generic scaffold — prompt/visual must be refined per skill + tier; interaction demands come from Agency, not age"
Timbre & Instrument Awareness,Same Note Different Instrument,2,2-3,"Simple words, expressive modeling, minimal text","Large icons, character animation, strong metaphors","Generic scaffold — prompt/visual must be refined per skill + tier; interaction demands come from Agency, not age"
Timbre & Instrument Awareness,Same Note Different Instrument,2,4-5,"Short phrases, descriptive language",Icons + light text labels,"Generic scaffold — prompt/visual must be refined per skill + tier; interaction demands come from Agency, not age"
Timbre & Instrument Awareness,Same Note Different Instrument,2,6-7,Musical vocabulary introduced,"Reduced metaphors, cleaner UI","Generic scaffold — prompt/visual must be refined per skill + tier; interaction demands come from Agency, not age"
Timbre & Instrument Awareness,Same Note Different Instrument,3,2-3,"Simple words, expressive modeling, minimal text","Large icons, character animation, strong metaphors","Generic scaffold — prompt/visual must be refined per skill + tier; interaction demands come from Agency, not age"
Timbre & Instrument Awareness,Same Note Different Instrument,3,4-5,"Short phrases, descriptive language",Icons + light text labels,"Generic scaffold — prompt/visual must be refined per skill + tier; interaction demands come from Agency, not age"
Timbre & Instrument Awareness,Same Note Different Instrument,3,6-7,Musical vocabulary introduced,"Reduced metaphors, cleaner UI","Generic scaffold — prompt/visual must be refined per skill + tier; interaction demands come from Agency, not age"
Timbre & Instrument Awareness,Same Note Different Instrument,4,2-3,"Simple words, expressive modeling, minimal text","Large icons, character animation, strong metaphors","Generic scaffold — prompt/visual must be refined per skill + tier; interaction demands come from Agency, not age"
Timbre & Instrument Awareness,Same Note Different Instrument,4,4-5,"Short phrases, descriptive language",Icons + light text labels,"Generic scaffold — prompt/visual must be refined per skill + tier; interaction demands come from Agency, not age"
Timbre & Instrument Awareness,Same Note Different Instrument,4,6-7,Musical vocabulary introduced,"Reduced metaphors, cleaner UI","Generic scaffold — prompt/visual must be refined per skill + tier; interaction demands come from Agency, not age"
Timbre & Instrument Awareness,Instrument Family Recognition,1,2-3,"Simple words, expressive modeling, minimal text","Large icons, character animation, strong metaphors","Generic scaffold — prompt/visual must be refined per skill + tier; interaction demands come from Agency, not age"
Timbre & Instrument Awareness,Instrument Family Recognition,1,4-5,"Short phrases, descriptive language",Icons + light text labels,"Generic scaffold — prompt/visual must be refined per skill + tier; interaction demands come from Agency, not age"
Timbre & Instrument Awareness,Instrument Family Recognition,1,6-7,Musical vocabulary introduced,"Reduced metaphors, cleaner UI","Generic scaffold — prompt/visual must be refined per skill + tier; interaction demands come from Agency, not age"
Timbre & Instrument Awareness,Instrument Family Recognition,2,2-3,"Simple words, expressive modeling, minimal text","Large icons, character animation, strong metaphors","Generic scaffold — prompt/visual must be refined per skill + tier; interaction demands come from Agency, not age"
Timbre & Instrument Awareness,Instrument Family Recognition,2,4-5,"Short phrases, descriptive language",Icons + light text labels,"Generic scaffold — prompt/visual must be refined per skill + tier; interaction demands come from Agency, not age"
Timbre & Instrument Awareness,Instrument Family Recognition,2,6-7,Musical vocabulary introduced,"Reduced metaphors, cleaner UI","Generic scaffold — prompt/visual must be refined per skill + tier; interaction demands come from Agency, not age"
Timbre & Instrument Awareness,Instrument Family Recognition,3,2-3,"Simple words, expressive modeling, minimal text","Large icons, character animation, strong metaphors","Generic scaffold — prompt/visual must be refined per skill + tier; interaction demands come from Agency, not age"
Timbre & Instrument Awareness,Instrument Family Recognition,3,4-5,"Short phrases, descriptive language",Icons + light text labels,"Generic scaffold — prompt/visual must be refined per skill + tier; interaction demands come from Agency, not age"
Timbre & Instrument Awareness,Instrument Family Recognition,3,6-7,Musical vocabulary introduced,"Reduced metaphors, cleaner UI","Generic scaffold — prompt/visual must be refined per skill + tier; interaction demands come from Agency, not age"
Timbre & Instrument Awareness,Instrument Family Recognition,4,2-3,"Simple words, expressive modeling, minimal text","Large icons, character animation, strong metaphors","Generic scaffold — prompt/visual must be refined per skill + tier; interaction demands come from Agency, not age"
Timbre & Instrument Awareness,Instrument Family Recognition,4,4-5,"Short phrases, descriptive language",Icons + light text labels,"Generic scaffold — prompt/visual must be refined per skill + tier; interaction demands come from Agency, not age"
Timbre & Instrument Awareness,Instrument Family Recognition,4,6-7,Musical vocabulary introduced,"Reduced metaphors, cleaner UI","Generic scaffold — prompt/visual must be refined per skill + tier; interaction demands come from Agency, not age"
Timbre & Instrument Awareness,Timbre Matching,1,2-3,"Simple words, expressive modeling, minimal text","Large icons, character animation, strong metaphors","Generic scaffold — prompt/visual must be refined per skill + tier; interaction demands come from Agency, not age"
Timbre & Instrument Awareness,Timbre Matching,1,4-5,"Short phrases, descriptive language",Icons + light text labels,"Generic scaffold — prompt/visual must be refined per skill + tier; interaction demands come from Agency, not age"
Timbre & Instrument Awareness,Timbre Matching,1,6-7,Musical vocabulary introduced,"Reduced metaphors, cleaner UI","Generic scaffold — prompt/visual must be refined per skill + tier; interaction demands come from Agency, not age"
Timbre & Instrument Awareness,Timbre Matching,2,2-3,"Simple words, expressive modeling, minimal text","Large icons, character animation, strong metaphors","Generic scaffold — prompt/visual must be refined per skill + tier; interaction demands come from Agency, not age"
Timbre & Instrument Awareness,Timbre Matching,2,4-5,"Short phrases, descriptive language",Icons + light text labels,"Generic scaffold — prompt/visual must be refined per skill + tier; interaction demands come from Agency, not age"
Timbre & Instrument Awareness,Timbre Matching,2,6-7,Musical vocabulary introduced,"Reduced metaphors, cleaner UI","Generic scaffold — prompt/visual must be refined per skill + tier; interaction demands come from Agency, not age"
Timbre & Instrument Awareness,Timbre Matching,3,2-3,"Simple words, expressive modeling, minimal text","Large icons, character animation, strong metaphors","Generic scaffold — prompt/visual must be refined per skill + tier; interaction demands come from Agency, not age"
Timbre & Instrument Awareness,Timbre Matching,3,4-5,"Short phrases, descriptive language",Icons + light text labels,"Generic scaffold — prompt/visual must be refined per skill + tier; interaction demands come from Agency, not age"
Timbre & Instrument Awareness,Timbre Matching,3,6-7,Musical vocabulary introduced,"Reduced metaphors, cleaner UI","Generic scaffold — prompt/visual must be refined per skill + tier; interaction demands come from Agency, not age"
Timbre & Instrument Awareness,Timbre Matching,4,2-3,"Simple words, expressive modeling, minimal text","Large icons, character animation, strong metaphors","Generic scaffold — prompt/visual must be refined per skill + tier; interaction demands come from Agency, not age"
Timbre & Instrument Awareness,Timbre Matching,4,4-5,"Short phrases, descriptive language",Icons + light text labels,"Generic scaffold — prompt/visual must be refined per skill + tier; interaction demands come from Agency, not age"
Timbre & Instrument Awareness,Timbre Matching,4,6-7,Musical vocabulary introduced,"Reduced metaphors, cleaner UI","Generic scaffold — prompt/visual must be refined per skill + tier; interaction demands come from Agency, not age"
Timbre & Instrument Awareness,Instrument Free Play,1,2-3,"Simple words, expressive modeling, minimal text","Large icons, character animation, strong metaphors","Generic scaffold — prompt/visual must be refined per skill + tier; interaction demands come from Agency, not age"
Timbre & Instrument Awareness,Instrument Free Play,1,4-5,"Short phrases, descriptive language",Icons + light text labels,"Generic scaffold — prompt/visual must be refined per skill + tier; interaction demands come from Agency, not age"
Timbre & Instrument Awareness,Instrument Free Play,1,6-7,Musical vocabulary introduced,"Reduced metaphors, cleaner UI","Generic scaffold — prompt/visual must be refined per skill + tier; interaction demands come from Agency, not age"
Timbre & Instrument Awareness,Instrument Free Play,2,2-3,"Simple words, expressive modeling, minimal text","Large icons, character animation, strong metaphors","Generic scaffold — prompt/visual must be refined per skill + tier; interaction demands come from Agency, not age"
Timbre & Instrument Awareness,Instrument Free Play,2,4-5,"Short phrases, descriptive language",Icons + light text labels,"Generic scaffold — prompt/visual must be refined per skill + tier; interaction demands come from Agency, not age"
Timbre & Instrument Awareness,Instrument Free Play,2,6-7,Musical vocabulary introduced,"Reduced metaphors, cleaner UI","Generic scaffold — prompt/visual must be refined per skill + tier; interaction demands come from Agency, not age"
Timbre & Instrument Awareness,Instrument Free Play,3,2-3,"Simple words, expressive modeling, minimal text","Large icons, character animation, strong metaphors","Generic scaffold — prompt/visual must be refined per skill + tier; interaction demands come from Agency, not age"
Timbre & Instrument Awareness,Instrument Free Play,3,4-5,"Short phrases, descriptive language",Icons + light text labels,"Generic scaffold — prompt/visual must be refined per skill + tier; interaction demands come from Agency, not age"
Timbre & Instrument Awareness,Instrument Free Play,3,6-7,Musical vocabulary introduced,"Reduced metaphors, cleaner UI","Generic scaffold — prompt/visual must be refined per skill + tier; interaction demands come from Agency, not age"
Timbre & Instrument Awareness,Instrument Free Play,4,2-3,"Simple words, expressive modeling, minimal text","Large icons, character animation, strong metaphors","Generic scaffold — prompt/visual must be refined per skill + tier; interaction demands come from Agency, not age"
Timbre & Instrument Awareness,Instrument Free Play,4,4-5,"Short phrases, descriptive language",Icons + light text labels,"Generic scaffold — prompt/visual must be refined per skill + tier; interaction demands come from Agency, not age"
Timbre & Instrument Awareness,Instrument Free Play,4,6-7,Musical vocabulary introduced,"Reduced metaphors, cleaner UI","Generic scaffold — prompt/visual must be refined per skill + tier; interaction demands come from Agency, not age"
Guided Instrument Play,Follow the Dots (Single Notes),1,2-3,"Simple words, expressive modeling, minimal text","Large icons, character animation, strong metaphors","Generic scaffold — prompt/visual must be refined per skill + tier; interaction demands come from Agency, not age"
Guided Instrument Play,Follow the Dots (Single Notes),1,4-5,"Short phrases, descriptive language",Icons + light text labels,"Generic scaffold — prompt/visual must be refined per skill + tier; interaction demands come from Agency, not age"
Guided Instrument Play,Follow the Dots (Single Notes),1,6-7,Musical vocabulary introduced,"Reduced metaphors, cleaner UI","Generic scaffold — prompt/visual must be refined per skill + tier; interaction demands come from Agency, not age"
Guided Instrument Play,Follow the Dots (Single Notes),2,2-3,"Simple words, expressive modeling, minimal text","Large icons, character animation, strong metaphors","Generic scaffold — prompt/visual must be refined per skill + tier; interaction demands come from Agency, not age"
Guided Instrument Play,Follow the Dots (Single Notes),2,4-5,"Short phrases, descriptive language",Icons + light text labels,"Generic scaffold — prompt/visual must be refined per skill + tier; interaction demands come from Agency, not age"
Guided Instrument Play,Follow the Dots (Single Notes),2,6-7,Musical vocabulary introduced,"Reduced metaphors, cleaner UI","Generic scaffold — prompt/visual must be refined per skill + tier; interaction demands come from Agency, not age"
Guided Instrument Play,Follow the Dots (Single Notes),3,2-3,"Simple words, expressive modeling, minimal text","Large icons, character animation, strong metaphors","Generic scaffold — prompt/visual must be refined per skill + tier; interaction demands come from Agency, not age"
Guided Instrument Play,Follow the Dots (Single Notes),3,4-5,"Short phrases, descriptive language",Icons + light text labels,"Generic scaffold — prompt/visual must be refined per skill + tier; interaction demands come from Agency, not age"
Guided Instrument Play,Follow the Dots (Single Notes),3,6-7,Musical vocabulary introduced,"Reduced metaphors, cleaner UI","Generic scaffold — prompt/visual must be refined per skill + tier; interaction demands come from Agency, not age"
Guided Instrument Play,Follow the Dots (Single Notes),4,2-3,"Simple words, expressive modeling, minimal text","Large icons, character animation, strong metaphors","Generic scaffold — prompt/visual must be refined per skill + tier; interaction demands come from Agency, not age"
Guided Instrument Play,Follow the Dots (Single Notes),4,4-5,"Short phrases, descriptive language",Icons + light text labels,"Generic scaffold — prompt/visual must be refined per skill + tier; interaction demands come from Agency, not age"
Guided Instrument Play,Follow the Dots (Single Notes),4,6-7,Musical vocabulary introduced,"Reduced metaphors, cleaner UI","Generic scaffold — prompt/visual must be refined per skill + tier; interaction demands come from Agency, not age"
Guided Instrument Play,Follow Short Pattern,1,2-3,"Simple words, expressive modeling, minimal text","Large icons, character animation, strong metaphors","Generic scaffold — prompt/visual must be refined per skill + tier; interaction demands come from Agency, not age"
Guided Instrument Play,Follow Short Pattern,1,4-5,"Short phrases, descriptive language",Icons + light text labels,"Generic scaffold — prompt/visual must be refined per skill + tier; interaction demands come from Agency, not age"
Guided Instrument Play,Follow Short Pattern,1,6-7,Musical vocabulary introduced,"Reduced metaphors, cleaner UI","Generic scaffold — prompt/visual must be refined per skill + tier; interaction demands come from Agency, not age"
Guided Instrument Play,Follow Short Pattern,2,2-3,"Simple words, expressive modeling, minimal text","Large icons, character animation, strong metaphors","Generic scaffold — prompt/visual must be refined per skill + tier; interaction demands come from Agency, not age"
Guided Instrument Play,Follow Short Pattern,2,4-5,"Short phrases, descriptive language",Icons + light text labels,"Generic scaffold — prompt/visual must be refined per skill + tier; interaction demands come from Agency, not age"
Guided Instrument Play,Follow Short Pattern,2,6-7,Musical vocabulary introduced,"Reduced metaphors, cleaner UI","Generic scaffold — prompt/visual must be refined per skill + tier; interaction demands come from Agency, not age"
Guided Instrument Play,Follow Short Pattern,3,2-3,"Simple words, expressive modeling, minimal text","Large icons, character animation, strong metaphors","Generic scaffold — prompt/visual must be refined per skill + tier; interaction demands come from Agency, not age"
Guided Instrument Play,Follow Short Pattern,3,4-5,"Short phrases, descriptive language",Icons + light text labels,"Generic scaffold — prompt/visual must be refined per skill + tier; interaction demands come from Agency, not age"
Guided Instrument Play,Follow Short Pattern,3,6-7,Musical vocabulary introduced,"Reduced metaphors, cleaner UI","Generic scaffold — prompt/visual must be refined per skill + tier; interaction demands come from Agency, not age"
Guided Instrument Play,Follow Short Pattern,4,2-3,"Simple words, expressive modeling, minimal text","Large icons, character animation, strong metaphors","Generic scaffold — prompt/visual must be refined per skill + tier; interaction demands come from Agency, not age"
Guided Instrument Play,Follow Short Pattern,4,4-5,"Short phrases, descriptive language",Icons + light text labels,"Generic scaffold — prompt/visual must be refined per skill + tier; interaction demands come from Agency, not age"
Guided Instrument Play,Follow Short Pattern,4,6-7,Musical vocabulary introduced,"Reduced metaphors, cleaner UI","Generic scaffold — prompt/visual must be refined per skill + tier; interaction demands come from Agency, not age"
Guided Instrument Play,Follow Phrase,1,2-3,"Simple words, expressive modeling, minimal text","Large icons, character animation, strong metaphors","Generic scaffold — prompt/visual must be refined per skill + tier; interaction demands come from Agency, not age"
Guided Instrument Play,Follow Phrase,1,4-5,"Short phrases, descriptive language",Icons + light text labels,"Generic scaffold — prompt/visual must be refined per skill + tier; interaction demands come from Agency, not age"
Guided Instrument Play,Follow Phrase,1,6-7,Musical vocabulary introduced,"Reduced metaphors, cleaner UI","Generic scaffold — prompt/visual must be refined per skill + tier; interaction demands come from Agency, not age"
Guided Instrument Play,Follow Phrase,2,2-3,"Simple words, expressive modeling, minimal text","Large icons, character animation, strong metaphors","Generic scaffold — prompt/visual must be refined per skill + tier; interaction demands come from Agency, not age"
Guided Instrument Play,Follow Phrase,2,4-5,"Short phrases, descriptive language",Icons + light text labels,"Generic scaffold — prompt/visual must be refined per skill + tier; interaction demands come from Agency, not age"
Guided Instrument Play,Follow Phrase,2,6-7,Musical vocabulary introduced,"Reduced metaphors, cleaner UI","Generic scaffold — prompt/visual must be refined per skill + tier; interaction demands come from Agency, not age"
Guided Instrument Play,Follow Phrase,3,2-3,"Simple words, expressive modeling, minimal text","Large icons, character animation, strong metaphors","Generic scaffold — prompt/visual must be refined per skill + tier; interaction demands come from Agency, not age"
Guided Instrument Play,Follow Phrase,3,4-5,"Short phrases, descriptive language",Icons + light text labels,"Generic scaffold — prompt/visual must be refined per skill + tier; interaction demands come from Agency, not age"
Guided Instrument Play,Follow Phrase,3,6-7,Musical vocabulary introduced,"Reduced metaphors, cleaner UI","Generic scaffold — prompt/visual must be refined per skill + tier; interaction demands come from Agency, not age"
Guided Instrument Play,Follow Phrase,4,2-3,"Simple words, expressive modeling, minimal text","Large icons, character animation, strong metaphors","Generic scaffold — prompt/visual must be refined per skill + tier; interaction demands come from Agency, not age"
Guided Instrument Play,Follow Phrase,4,4-5,"Short phrases, descriptive language",Icons + light text labels,"Generic scaffold — prompt/visual must be refined per skill + tier; interaction demands come from Agency, not age"
Guided Instrument Play,Follow Phrase,4,6-7,Musical vocabulary introduced,"Reduced metaphors, cleaner UI","Generic scaffold — prompt/visual must be refined per skill + tier; interaction demands come from Agency, not age"
Guided Instrument Play,Memory Replay,1,2-3,"Simple words, expressive modeling, minimal text","Large icons, character animation, strong metaphors","Generic scaffold — prompt/visual must be refined per skill + tier; interaction demands come from Agency, not age"
Guided Instrument Play,Memory Replay,1,4-5,"Short phrases, descriptive language",Icons + light text labels,"Generic scaffold — prompt/visual must be refined per skill + tier; interaction demands come from Agency, not age"
Guided Instrument Play,Memory Replay,1,6-7,Musical vocabulary introduced,"Reduced metaphors, cleaner UI","Generic scaffold — prompt/visual must be refined per skill + tier; interaction demands come from Agency, not age"
Guided Instrument Play,Memory Replay,2,2-3,"Simple words, expressive modeling, minimal text","Large icons, character animation, strong metaphors","Generic scaffold — prompt/visual must be refined per skill + tier; interaction demands come from Agency, not age"
Guided Instrument Play,Memory Replay,2,4-5,"Short phrases, descriptive language",Icons + light text labels,"Generic scaffold — prompt/visual must be refined per skill + tier; interaction demands come from Agency, not age"
Guided Instrument Play,Memory Replay,2,6-7,Musical vocabulary introduced,"Reduced metaphors, cleaner UI","Generic scaffold — prompt/visual must be refined per skill + tier; interaction demands come from Agency, not age"
Guided Instrument Play,Memory Replay,3,2-3,"Simple words, expressive modeling, minimal text","Large icons, character animation, strong metaphors","Generic scaffold — prompt/visual must be refined per skill + tier; interaction demands come from Agency, not age"
Guided Instrument Play,Memory Replay,3,4-5,"Short phrases, descriptive language",Icons + light text labels,"Generic scaffold — prompt/visual must be refined per skill + tier; interaction demands come from Agency, not age"
Guided Instrument Play,Memory Replay,3,6-7,Musical vocabulary introduced,"Reduced metaphors, cleaner UI","Generic scaffold — prompt/visual must be refined per skill + tier; interaction demands come from Agency, not age"
Guided Instrument Play,Memory Replay,4,2-3,"Simple words, expressive modeling, minimal text","Large icons, character animation, strong metaphors","Generic scaffold — prompt/visual must be refined per skill + tier; interaction demands come from Agency, not age"
Guided Instrument Play,Memory Replay,4,4-5,"Short phrases, descriptive language",Icons + light text labels,"Generic scaffold — prompt/visual must be refined per skill + tier; interaction demands come from Agency, not age"
Guided Instrument Play,Memory Replay,4,6-7,Musical vocabulary introduced,"Reduced metaphors, cleaner UI","Generic scaffold — prompt/visual must be refined per skill + tier; interaction demands come from Agency, not age"
Guided Instrument Play,Expression While Playing,1,2-3,"Simple words, expressive modeling, minimal text","Large icons, character animation, strong metaphors","Generic scaffold — prompt/visual must be refined per skill + tier; interaction demands come from Agency, not age"
Guided Instrument Play,Expression While Playing,1,4-5,"Short phrases, descriptive language",Icons + light text labels,"Generic scaffold — prompt/visual must be refined per skill + tier; interaction demands come from Agency, not age"
Guided Instrument Play,Expression While Playing,1,6-7,Musical vocabulary introduced,"Reduced metaphors, cleaner UI","Generic scaffold — prompt/visual must be refined per skill + tier; interaction demands come from Agency, not age"
Guided Instrument Play,Expression While Playing,2,2-3,"Simple words, expressive modeling, minimal text","Large icons, character animation, strong metaphors","Generic scaffold — prompt/visual must be refined per skill + tier; interaction demands come from Agency, not age"
Guided Instrument Play,Expression While Playing,2,4-5,"Short phrases, descriptive language",Icons + light text labels,"Generic scaffold — prompt/visual must be refined per skill + tier; interaction demands come from Agency, not age"
Guided Instrument Play,Expression While Playing,2,6-7,Musical vocabulary introduced,"Reduced metaphors, cleaner UI","Generic scaffold — prompt/visual must be refined per skill + tier; interaction demands come from Agency, not age"
Guided Instrument Play,Expression While Playing,3,2-3,"Simple words, expressive modeling, minimal text","Large icons, character animation, strong metaphors","Generic scaffold — prompt/visual must be refined per skill + tier; interaction demands come from Agency, not age"
Guided Instrument Play,Expression While Playing,3,4-5,"Short phrases, descriptive language",Icons + light text labels,"Generic scaffold — prompt/visual must be refined per skill + tier; interaction demands come from Agency, not age"
Guided Instrument Play,Expression While Playing,3,6-7,Musical vocabulary introduced,"Reduced metaphors, cleaner UI","Generic scaffold — prompt/visual must be refined per skill + tier; interaction demands come from Agency, not age"
Guided Instrument Play,Expression While Playing,4,2-3,"Simple words, expressive modeling, minimal text","Large icons, character animation, strong metaphors","Generic scaffold — prompt/visual must be refined per skill + tier; interaction demands come from Agency, not age"
Guided Instrument Play,Expression While Playing,4,4-5,"Short phrases, descriptive language",Icons + light text labels,"Generic scaffold — prompt/visual must be refined per skill + tier; interaction demands come from Agency, not age"
Guided Instrument Play,Expression While Playing,4,6-7,Musical vocabulary introduced,"Reduced metaphors, cleaner UI","Generic scaffold — prompt/visual must be refined per skill + tier; interaction demands come from Agency, not age"
Guided Instrument Play,Remove Visual Scaffolds,1,2-3,"Simple words, expressive modeling, minimal text","Large icons, character animation, strong metaphors","Generic scaffold — prompt/visual must be refined per skill + tier; interaction demands come from Agency, not age"
Guided Instrument Play,Remove Visual Scaffolds,1,4-5,"Short phrases, descriptive language",Icons + light text labels,"Generic scaffold — prompt/visual must be refined per skill + tier; interaction demands come from Agency, not age"
Guided Instrument Play,Remove Visual Scaffolds,1,6-7,Musical vocabulary introduced,"Reduced metaphors, cleaner UI","Generic scaffold — prompt/visual must be refined per skill + tier; interaction demands come from Agency, not age"
Guided Instrument Play,Remove Visual Scaffolds,2,2-3,"Simple words, expressive modeling, minimal text","Large icons, character animation, strong metaphors","Generic scaffold — prompt/visual must be refined per skill + tier; interaction demands come from Agency, not age"
Guided Instrument Play,Remove Visual Scaffolds,2,4-5,"Short phrases, descriptive language",Icons + light text labels,"Generic scaffold — prompt/visual must be refined per skill + tier; interaction demands come from Agency, not age"
Guided Instrument Play,Remove Visual Scaffolds,2,6-7,Musical vocabulary introduced,"Reduced metaphors, cleaner UI","Generic scaffold — prompt/visual must be refined per skill + tier; interaction demands come from Agency, not age"
Guided Instrument Play,Remove Visual Scaffolds,3,2-3,"Simple words, expressive modeling, minimal text","Large icons, character animation, strong metaphors","Generic scaffold — prompt/visual must be refined per skill + tier; interaction demands come from Agency, not age"
Guided Instrument Play,Remove Visual Scaffolds,3,4-5,"Short phrases, descriptive language",Icons + light text labels,"Generic scaffold — prompt/visual must be refined per skill + tier; interaction demands come from Agency, not age"
Guided Instrument Play,Remove Visual Scaffolds,3,6-7,Musical vocabulary introduced,"Reduced metaphors, cleaner UI","Generic scaffold — prompt/visual must be refined per skill + tier; interaction demands come from Agency, not age"
Guided Instrument Play,Remove Visual Scaffolds,4,2-3,"Simple words, expressive modeling, minimal text","Large icons, character animation, strong metaphors","Generic scaffold — prompt/visual must be refined per skill + tier; interaction demands come from Agency, not age"
Guided Instrument Play,Remove Visual Scaffolds,4,4-5,"Short phrases, descriptive language",Icons + light text labels,"Generic scaffold — prompt/visual must be refined per skill + tier; interaction demands come from Agency, not age"
Guided Instrument Play,Remove Visual Scaffolds,4,6-7,Musical vocabulary introduced,"Reduced metaphors, cleaner UI","Generic scaffold — prompt/visual must be refined per skill + tier; interaction demands come from Agency, not age"
Harmony & Chord Feel,Major vs Minor Chord Recognition,1,2-3,"Simple words, expressive modeling, minimal text","Large icons, character animation, strong metaphors","Generic scaffold — prompt/visual must be refined per skill + tier; interaction demands come from Agency, not age"
Harmony & Chord Feel,Major vs Minor Chord Recognition,1,4-5,"Short phrases, descriptive language",Icons + light text labels,"Generic scaffold — prompt/visual must be refined per skill + tier; interaction demands come from Agency, not age"
Harmony & Chord Feel,Major vs Minor Chord Recognition,1,6-7,Musical vocabulary introduced,"Reduced metaphors, cleaner UI","Generic scaffold — prompt/visual must be refined per skill + tier; interaction demands come from Agency, not age"
Harmony & Chord Feel,Major vs Minor Chord Recognition,2,2-3,"Simple words, expressive modeling, minimal text","Large icons, character animation, strong metaphors","Generic scaffold — prompt/visual must be refined per skill + tier; interaction demands come from Agency, not age"
Harmony & Chord Feel,Major vs Minor Chord Recognition,2,4-5,"Short phrases, descriptive language",Icons + light text labels,"Generic scaffold — prompt/visual must be refined per skill + tier; interaction demands come from Agency, not age"
Harmony & Chord Feel,Major vs Minor Chord Recognition,2,6-7,Musical vocabulary introduced,"Reduced metaphors, cleaner UI","Generic scaffold — prompt/visual must be refined per skill + tier; interaction demands come from Agency, not age"
Harmony & Chord Feel,Major vs Minor Chord Recognition,3,2-3,"Simple words, expressive modeling, minimal text","Large icons, character animation, strong metaphors","Generic scaffold — prompt/visual must be refined per skill + tier; interaction demands come from Agency, not age"
Harmony & Chord Feel,Major vs Minor Chord Recognition,3,4-5,"Short phrases, descriptive language",Icons + light text labels,"Generic scaffold — prompt/visual must be refined per skill + tier; interaction demands come from Agency, not age"
Harmony & Chord Feel,Major vs Minor Chord Recognition,3,6-7,Musical vocabulary introduced,"Reduced metaphors, cleaner UI","Generic scaffold — prompt/visual must be refined per skill + tier; interaction demands come from Agency, not age"
Harmony & Chord Feel,Major vs Minor Chord Recognition,4,2-3,"Simple words, expressive modeling, minimal text","Large icons, character animation, strong metaphors","Generic scaffold — prompt/visual must be refined per skill + tier; interaction demands come from Agency, not age"
Harmony & Chord Feel,Major vs Minor Chord Recognition,4,4-5,"Short phrases, descriptive language",Icons + light text labels,"Generic scaffold — prompt/visual must be refined per skill + tier; interaction demands come from Agency, not age"
Harmony & Chord Feel,Major vs Minor Chord Recognition,4,6-7,Musical vocabulary introduced,"Reduced metaphors, cleaner UI","Generic scaffold — prompt/visual must be refined per skill + tier; interaction demands come from Agency, not age"
Harmony & Chord Feel,Chord Color Feel,1,2-3,"Simple words, expressive modeling, minimal text","Large icons, character animation, strong metaphors","Generic scaffold — prompt/visual must be refined per skill + tier; interaction demands come from Agency, not age"
Harmony & Chord Feel,Chord Color Feel,1,4-5,"Short phrases, descriptive language",Icons + light text labels,"Generic scaffold — prompt/visual must be refined per skill + tier; interaction demands come from Agency, not age"
Harmony & Chord Feel,Chord Color Feel,1,6-7,Musical vocabulary introduced,"Reduced metaphors, cleaner UI","Generic scaffold — prompt/visual must be refined per skill + tier; interaction demands come from Agency, not age"
Harmony & Chord Feel,Chord Color Feel,2,2-3,"Simple words, expressive modeling, minimal text","Large icons, character animation, strong metaphors","Generic scaffold — prompt/visual must be refined per skill + tier; interaction demands come from Agency, not age"
Harmony & Chord Feel,Chord Color Feel,2,4-5,"Short phrases, descriptive language",Icons + light text labels,"Generic scaffold — prompt/visual must be refined per skill + tier; interaction demands come from Agency, not age"
Harmony & Chord Feel,Chord Color Feel,2,6-7,Musical vocabulary introduced,"Reduced metaphors, cleaner UI","Generic scaffold — prompt/visual must be refined per skill + tier; interaction demands come from Agency, not age"
Harmony & Chord Feel,Chord Color Feel,3,2-3,"Simple words, expressive modeling, minimal text","Large icons, character animation, strong metaphors","Generic scaffold — prompt/visual must be refined per skill + tier; interaction demands come from Agency, not age"
Harmony & Chord Feel,Chord Color Feel,3,4-5,"Short phrases, descriptive language",Icons + light text labels,"Generic scaffold — prompt/visual must be refined per skill + tier; interaction demands come from Agency, not age"
Harmony & Chord Feel,Chord Color Feel,3,6-7,Musical vocabulary introduced,"Reduced metaphors, cleaner UI","Generic scaffold — prompt/visual must be refined per skill + tier; interaction demands come from Agency, not age"
Harmony & Chord Feel,Chord Color Feel,4,2-3,"Simple words, expressive modeling, minimal text","Large icons, character animation, strong metaphors","Generic scaffold — prompt/visual must be refined per skill + tier; interaction demands come from Agency, not age"
Harmony & Chord Feel,Chord Color Feel,4,4-5,"Short phrases, descriptive language",Icons + light text labels,"Generic scaffold — prompt/visual must be refined per skill + tier; interaction demands come from Agency, not age"
Harmony & Chord Feel,Chord Color Feel,4,6-7,Musical vocabulary introduced,"Reduced metaphors, cleaner UI","Generic scaffold — prompt/visual must be refined per skill + tier; interaction demands come from Agency, not age"
Harmony & Chord Feel,Sing Along With Chord,1,2-3,"Simple words, expressive modeling, minimal text","Large icons, character animation, strong metaphors","Generic scaffold — prompt/visual must be refined per skill + tier; interaction demands come from Agency, not age"
Harmony & Chord Feel,Sing Along With Chord,1,4-5,"Short phrases, descriptive language",Icons + light text labels,"Generic scaffold — prompt/visual must be refined per skill + tier; interaction demands come from Agency, not age"
Harmony & Chord Feel,Sing Along With Chord,1,6-7,Musical vocabulary introduced,"Reduced metaphors, cleaner UI","Generic scaffold — prompt/visual must be refined per skill + tier; interaction demands come from Agency, not age"
Harmony & Chord Feel,Sing Along With Chord,2,2-3,"Simple words, expressive modeling, minimal text","Large icons, character animation, strong metaphors","Generic scaffold — prompt/visual must be refined per skill + tier; interaction demands come from Agency, not age"
Harmony & Chord Feel,Sing Along With Chord,2,4-5,"Short phrases, descriptive language",Icons + light text labels,"Generic scaffold — prompt/visual must be refined per skill + tier; interaction demands come from Agency, not age"
Harmony & Chord Feel,Sing Along With Chord,2,6-7,Musical vocabulary introduced,"Reduced metaphors, cleaner UI","Generic scaffold — prompt/visual must be refined per skill + tier; interaction demands come from Agency, not age"
Harmony & Chord Feel,Sing Along With Chord,3,2-3,"Simple words, expressive modeling, minimal text","Large icons, character animation, strong metaphors","Generic scaffold — prompt/visual must be refined per skill + tier; interaction demands come from Agency, not age"
Harmony & Chord Feel,Sing Along With Chord,3,4-5,"Short phrases, descriptive language",Icons + light text labels,"Generic scaffold — prompt/visual must be refined per skill + tier; interaction demands come from Agency, not age"
Harmony & Chord Feel,Sing Along With Chord,3,6-7,Musical vocabulary introduced,"Reduced metaphors, cleaner UI","Generic scaffold — prompt/visual must be refined per skill + tier; interaction demands come from Agency, not age"
Harmony & Chord Feel,Sing Along With Chord,4,2-3,"Simple words, expressive modeling, minimal text","Large icons, character animation, strong metaphors","Generic scaffold — prompt/visual must be refined per skill + tier; interaction demands come from Agency, not age"
Harmony & Chord Feel,Sing Along With Chord,4,4-5,"Short phrases, descriptive language",Icons + light text labels,"Generic scaffold — prompt/visual must be refined per skill + tier; interaction demands come from Agency, not age"
Harmony & Chord Feel,Sing Along With Chord,4,6-7,Musical vocabulary introduced,"Reduced metaphors, cleaner UI","Generic scaffold — prompt/visual must be refined per skill + tier; interaction demands come from Agency, not age"
Harmony & Chord Feel,Root vs Non-Root Feel,1,2-3,"Simple words, expressive modeling, minimal text","Large icons, character animation, strong metaphors","Generic scaffold — prompt/visual must be refined per skill + tier; interaction demands come from Agency, not age"
Harmony & Chord Feel,Root vs Non-Root Feel,1,4-5,"Short phrases, descriptive language",Icons + light text labels,"Generic scaffold — prompt/visual must be refined per skill + tier; interaction demands come from Agency, not age"
Harmony & Chord Feel,Root vs Non-Root Feel,1,6-7,Musical vocabulary introduced,"Reduced metaphors, cleaner UI","Generic scaffold — prompt/visual must be refined per skill + tier; interaction demands come from Agency, not age"
Harmony & Chord Feel,Root vs Non-Root Feel,2,2-3,"Simple words, expressive modeling, minimal text","Large icons, character animation, strong metaphors","Generic scaffold — prompt/visual must be refined per skill + tier; interaction demands come from Agency, not age"
Harmony & Chord Feel,Root vs Non-Root Feel,2,4-5,"Short phrases, descriptive language",Icons + light text labels,"Generic scaffold — prompt/visual must be refined per skill + tier; interaction demands come from Agency, not age"
Harmony & Chord Feel,Root vs Non-Root Feel,2,6-7,Musical vocabulary introduced,"Reduced metaphors, cleaner UI","Generic scaffold — prompt/visual must be refined per skill + tier; interaction demands come from Agency, not age"
Harmony & Chord Feel,Root vs Non-Root Feel,3,2-3,"Simple words, expressive modeling, minimal text","Large icons, character animation, strong metaphors","Generic scaffold — prompt/visual must be refined per skill + tier; interaction demands come from Agency, not age"
Harmony & Chord Feel,Root vs Non-Root Feel,3,4-5,"Short phrases, descriptive language",Icons + light text labels,"Generic scaffold — prompt/visual must be refined per skill + tier; interaction demands come from Agency, not age"
Harmony & Chord Feel,Root vs Non-Root Feel,3,6-7,Musical vocabulary introduced,"Reduced metaphors, cleaner UI","Generic scaffold — prompt/visual must be refined per skill + tier; interaction demands come from Agency, not age"
Harmony & Chord Feel,Root vs Non-Root Feel,4,2-3,"Simple words, expressive modeling, minimal text","Large icons, character animation, strong metaphors","Generic scaffold — prompt/visual must be refined per skill + tier; interaction demands come from Agency, not age"
Harmony & Chord Feel,Root vs Non-Root Feel,4,4-5,"Short phrases, descriptive language",Icons + light text labels,"Generic scaffold — prompt/visual must be refined per skill + tier; interaction demands come from Agency, not age"
Harmony & Chord Feel,Root vs Non-Root Feel,4,6-7,Musical vocabulary introduced,"Reduced metaphors, cleaner UI","Generic scaffold — prompt/visual must be refined per skill + tier; interaction demands come from Agency, not age"
Harmony & Chord Feel,Simple Resolution Feel,1,2-3,"Simple words, expressive modeling, minimal text","Large icons, character animation, strong metaphors","Generic scaffold — prompt/visual must be refined per skill + tier; interaction demands come from Agency, not age"
Harmony & Chord Feel,Simple Resolution Feel,1,4-5,"Short phrases, descriptive language",Icons + light text labels,"Generic scaffold — prompt/visual must be refined per skill + tier; interaction demands come from Agency, not age"
Harmony & Chord Feel,Simple Resolution Feel,1,6-7,Musical vocabulary introduced,"Reduced metaphors, cleaner UI","Generic scaffold — prompt/visual must be refined per skill + tier; interaction demands come from Agency, not age"
Harmony & Chord Feel,Simple Resolution Feel,2,2-3,"Simple words, expressive modeling, minimal text","Large icons, character animation, strong metaphors","Generic scaffold — prompt/visual must be refined per skill + tier; interaction demands come from Agency, not age"
Harmony & Chord Feel,Simple Resolution Feel,2,4-5,"Short phrases, descriptive language",Icons + light text labels,"Generic scaffold — prompt/visual must be refined per skill + tier; interaction demands come from Agency, not age"
Harmony & Chord Feel,Simple Resolution Feel,2,6-7,Musical vocabulary introduced,"Reduced metaphors, cleaner UI","Generic scaffold — prompt/visual must be refined per skill + tier; interaction demands come from Agency, not age"
Harmony & Chord Feel,Simple Resolution Feel,3,2-3,"Simple words, expressive modeling, minimal text","Large icons, character animation, strong metaphors","Generic scaffold — prompt/visual must be refined per skill + tier; interaction demands come from Agency, not age"
Harmony & Chord Feel,Simple Resolution Feel,3,4-5,"Short phrases, descriptive language",Icons + light text labels,"Generic scaffold — prompt/visual must be refined per skill + tier; interaction demands come from Agency, not age"
Harmony & Chord Feel,Simple Resolution Feel,3,6-7,Musical vocabulary introduced,"Reduced metaphors, cleaner UI","Generic scaffold — prompt/visual must be refined per skill + tier; interaction demands come from Agency, not age"
Harmony & Chord Feel,Simple Resolution Feel,4,2-3,"Simple words, expressive modeling, minimal text","Large icons, character animation, strong metaphors","Generic scaffold — prompt/visual must be refined per skill + tier; interaction demands come from Agency, not age"
Harmony & Chord Feel,Simple Resolution Feel,4,4-5,"Short phrases, descriptive language",Icons + light text labels,"Generic scaffold — prompt/visual must be refined per skill + tier; interaction demands come from Agency, not age"
Harmony & Chord Feel,Simple Resolution Feel,4,6-7,Musical vocabulary introduced,"Reduced metaphors, cleaner UI","Generic scaffold — prompt/visual must be refined per skill + tier; interaction demands come from Agency, not age"
Pitch Naming & Functional Hearing,Do-Re-Mi Association,1,2-3,"Simple words, expressive modeling, minimal text","Large icons, character animation, strong metaphors","Generic scaffold — prompt/visual must be refined per skill + tier; interaction demands come from Agency, not age"
Pitch Naming & Functional Hearing,Do-Re-Mi Association,1,4-5,"Short phrases, descriptive language",Icons + light text labels,"Generic scaffold — prompt/visual must be refined per skill + tier; interaction demands come from Agency, not age"
Pitch Naming & Functional Hearing,Do-Re-Mi Association,1,6-7,Musical vocabulary introduced,"Reduced metaphors, cleaner UI","Generic scaffold — prompt/visual must be refined per skill + tier; interaction demands come from Agency, not age"
Pitch Naming & Functional Hearing,Do-Re-Mi Association,2,2-3,"Simple words, expressive modeling, minimal text","Large icons, character animation, strong metaphors","Generic scaffold — prompt/visual must be refined per skill + tier; interaction demands come from Agency, not age"
Pitch Naming & Functional Hearing,Do-Re-Mi Association,2,4-5,"Short phrases, descriptive language",Icons + light text labels,"Generic scaffold — prompt/visual must be refined per skill + tier; interaction demands come from Agency, not age"
Pitch Naming & Functional Hearing,Do-Re-Mi Association,2,6-7,Musical vocabulary introduced,"Reduced metaphors, cleaner UI","Generic scaffold — prompt/visual must be refined per skill + tier; interaction demands come from Agency, not age"
Pitch Naming & Functional Hearing,Do-Re-Mi Association,3,2-3,"Simple words, expressive modeling, minimal text","Large icons, character animation, strong metaphors","Generic scaffold — prompt/visual must be refined per skill + tier; interaction demands come from Agency, not age"
Pitch Naming & Functional Hearing,Do-Re-Mi Association,3,4-5,"Short phrases, descriptive language",Icons + light text labels,"Generic scaffold — prompt/visual must be refined per skill + tier; interaction demands come from Agency, not age"
Pitch Naming & Functional Hearing,Do-Re-Mi Association,3,6-7,Musical vocabulary introduced,"Reduced metaphors, cleaner UI","Generic scaffold — prompt/visual must be refined per skill + tier; interaction demands come from Agency, not age"
Pitch Naming & Functional Hearing,Do-Re-Mi Association,4,2-3,"Simple words, expressive modeling, minimal text","Large icons, character animation, strong metaphors","Generic scaffold — prompt/visual must be refined per skill + tier; interaction demands come from Agency, not age"
Pitch Naming & Functional Hearing,Do-Re-Mi Association,4,4-5,"Short phrases, descriptive language",Icons + light text labels,"Generic scaffold — prompt/visual must be refined per skill + tier; interaction demands come from Agency, not age"
Pitch Naming & Functional Hearing,Do-Re-Mi Association,4,6-7,Musical vocabulary introduced,"Reduced metaphors, cleaner UI","Generic scaffold — prompt/visual must be refined per skill + tier; interaction demands come from Agency, not age"
Pitch Naming & Functional Hearing,Melody Echo Using Solfege,1,2-3,"Simple words, expressive modeling, minimal text","Large icons, character animation, strong metaphors","Generic scaffold — prompt/visual must be refined per skill + tier; interaction demands come from Agency, not age"
Pitch Naming & Functional Hearing,Melody Echo Using Solfege,1,4-5,"Short phrases, descriptive language",Icons + light text labels,"Generic scaffold — prompt/visual must be refined per skill + tier; interaction demands come from Agency, not age"
Pitch Naming & Functional Hearing,Melody Echo Using Solfege,1,6-7,Musical vocabulary introduced,"Reduced metaphors, cleaner UI","Generic scaffold — prompt/visual must be refined per skill + tier; interaction demands come from Agency, not age"
Pitch Naming & Functional Hearing,Melody Echo Using Solfege,2,2-3,"Simple words, expressive modeling, minimal text","Large icons, character animation, strong metaphors","Generic scaffold — prompt/visual must be refined per skill + tier; interaction demands come from Agency, not age"
Pitch Naming & Functional Hearing,Melody Echo Using Solfege,2,4-5,"Short phrases, descriptive language",Icons + light text labels,"Generic scaffold — prompt/visual must be refined per skill + tier; interaction demands come from Agency, not age"
Pitch Naming & Functional Hearing,Melody Echo Using Solfege,2,6-7,Musical vocabulary introduced,"Reduced metaphors, cleaner UI","Generic scaffold — prompt/visual must be refined per skill + tier; interaction demands come from Agency, not age"
Pitch Naming & Functional Hearing,Melody Echo Using Solfege,3,2-3,"Simple words, expressive modeling, minimal text","Large icons, character animation, strong metaphors","Generic scaffold — prompt/visual must be refined per skill + tier; interaction demands come from Agency, not age"
Pitch Naming & Functional Hearing,Melody Echo Using Solfege,3,4-5,"Short phrases, descriptive language",Icons + light text labels,"Generic scaffold — prompt/visual must be refined per skill + tier; interaction demands come from Agency, not age"
Pitch Naming & Functional Hearing,Melody Echo Using Solfege,3,6-7,Musical vocabulary introduced,"Reduced metaphors, cleaner UI","Generic scaffold — prompt/visual must be refined per skill + tier; interaction demands come from Agency, not age"
Pitch Naming & Functional Hearing,Melody Echo Using Solfege,4,2-3,"Simple words, expressive modeling, minimal text","Large icons, character animation, strong metaphors","Generic scaffold — prompt/visual must be refined per skill + tier; interaction demands come from Agency, not age"
Pitch Naming & Functional Hearing,Melody Echo Using Solfege,4,4-5,"Short phrases, descriptive language",Icons + light text labels,"Generic scaffold — prompt/visual must be refined per skill + tier; interaction demands come from Agency, not age"
Pitch Naming & Functional Hearing,Melody Echo Using Solfege,4,6-7,Musical vocabulary introduced,"Reduced metaphors, cleaner UI","Generic scaffold — prompt/visual must be refined per skill + tier; interaction demands come from Agency, not age"
Pitch Naming & Functional Hearing,Hear 'So' as Home,1,2-3,"Simple words, expressive modeling, minimal text","Large icons, character animation, strong metaphors","Generic scaffold — prompt/visual must be refined per skill + tier; interaction demands come from Agency, not age"
Pitch Naming & Functional Hearing,Hear 'So' as Home,1,4-5,"Short phrases, descriptive language",Icons + light text labels,"Generic scaffold — prompt/visual must be refined per skill + tier; interaction demands come from Agency, not age"
Pitch Naming & Functional Hearing,Hear 'So' as Home,1,6-7,Musical vocabulary introduced,"Reduced metaphors, cleaner UI","Generic scaffold — prompt/visual must be refined per skill + tier; interaction demands come from Agency, not age"
Pitch Naming & Functional Hearing,Hear 'So' as Home,2,2-3,"Simple words, expressive modeling, minimal text","Large icons, character animation, strong metaphors","Generic scaffold — prompt/visual must be refined per skill + tier; interaction demands come from Agency, not age"
Pitch Naming & Functional Hearing,Hear 'So' as Home,2,4-5,"Short phrases, descriptive language",Icons + light text labels,"Generic scaffold — prompt/visual must be refined per skill + tier; interaction demands come from Agency, not age"
Pitch Naming & Functional Hearing,Hear 'So' as Home,2,6-7,Musical vocabulary introduced,"Reduced metaphors, cleaner UI","Generic scaffold — prompt/visual must be refined per skill + tier; interaction demands come from Agency, not age"
Pitch Naming & Functional Hearing,Hear 'So' as Home,3,2-3,"Simple words, expressive modeling, minimal text","Large icons, character animation, strong metaphors","Generic scaffold — prompt/visual must be refined per skill + tier; interaction demands come from Agency, not age"
Pitch Naming & Functional Hearing,Hear 'So' as Home,3,4-5,"Short phrases, descriptive language",Icons + light text labels,"Generic scaffold — prompt/visual must be refined per skill + tier; interaction demands come from Agency, not age"
Pitch Naming & Functional Hearing,Hear 'So' as Home,3,6-7,Musical vocabulary introduced,"Reduced metaphors, cleaner UI","Generic scaffold — prompt/visual must be refined per skill + tier; interaction demands come from Agency, not age"
Pitch Naming & Functional Hearing,Hear 'So' as Home,4,2-3,"Simple words, expressive modeling, minimal text","Large icons, character animation, strong metaphors","Generic scaffold — prompt/visual must be refined per skill + tier; interaction demands come from Agency, not age"
Pitch Naming & Functional Hearing,Hear 'So' as Home,4,4-5,"Short phrases, descriptive language",Icons + light text labels,"Generic scaffold — prompt/visual must be refined per skill + tier; interaction demands come from Agency, not age"
Pitch Naming & Functional Hearing,Hear 'So' as Home,4,6-7,Musical vocabulary introduced,"Reduced metaphors, cleaner UI","Generic scaffold — prompt/visual must be refined per skill + tier; interaction demands come from Agency, not age"
Pitch Naming & Functional Hearing,Basic Interval Naming,1,2-3,"Simple words, expressive modeling, minimal text","Large icons, character animation, strong metaphors","Generic scaffold — prompt/visual must be refined per skill + tier; interaction demands come from Agency, not age"
Pitch Naming & Functional Hearing,Basic Interval Naming,1,4-5,"Short phrases, descriptive language",Icons + light text labels,"Generic scaffold — prompt/visual must be refined per skill + tier; interaction demands come from Agency, not age"
Pitch Naming & Functional Hearing,Basic Interval Naming,1,6-7,Musical vocabulary introduced,"Reduced metaphors, cleaner UI","Generic scaffold — prompt/visual must be refined per skill + tier; interaction demands come from Agency, not age"
Pitch Naming & Functional Hearing,Basic Interval Naming,2,2-3,"Simple words, expressive modeling, minimal text","Large icons, character animation, strong metaphors","Generic scaffold — prompt/visual must be refined per skill + tier; interaction demands come from Agency, not age"
Pitch Naming & Functional Hearing,Basic Interval Naming,2,4-5,"Short phrases, descriptive language",Icons + light text labels,"Generic scaffold — prompt/visual must be refined per skill + tier; interaction demands come from Agency, not age"
Pitch Naming & Functional Hearing,Basic Interval Naming,2,6-7,Musical vocabulary introduced,"Reduced metaphors, cleaner UI","Generic scaffold — prompt/visual must be refined per skill + tier; interaction demands come from Agency, not age"
Pitch Naming & Functional Hearing,Basic Interval Naming,3,2-3,"Simple words, expressive modeling, minimal text","Large icons, character animation, strong metaphors","Generic scaffold — prompt/visual must be refined per skill + tier; interaction demands come from Agency, not age"
Pitch Naming & Functional Hearing,Basic Interval Naming,3,4-5,"Short phrases, descriptive language",Icons + light text labels,"Generic scaffold — prompt/visual must be refined per skill + tier; interaction demands come from Agency, not age"
Pitch Naming & Functional Hearing,Basic Interval Naming,3,6-7,Musical vocabulary introduced,"Reduced metaphors, cleaner UI","Generic scaffold — prompt/visual must be refined per skill + tier; interaction demands come from Agency, not age"
Pitch Naming & Functional Hearing,Basic Interval Naming,4,2-3,"Simple words, expressive modeling, minimal text","Large icons, character animation, strong metaphors","Generic scaffold — prompt/visual must be refined per skill + tier; interaction demands come from Agency, not age"
Pitch Naming & Functional Hearing,Basic Interval Naming,4,4-5,"Short phrases, descriptive language",Icons + light text labels,"Generic scaffold — prompt/visual must be refined per skill + tier; interaction demands come from Agency, not age"
Pitch Naming & Functional Hearing,Basic Interval Naming,4,6-7,Musical vocabulary introduced,"Reduced metaphors, cleaner UI","Generic scaffold — prompt/visual must be refined per skill + tier; interaction demands come from Agency, not age"
Pitch Naming & Functional Hearing,Moveable Do Awareness,1,2-3,"Simple words, expressive modeling, minimal text","Large icons, character animation, strong metaphors","Generic scaffold — prompt/visual must be refined per skill + tier; interaction demands come from Agency, not age"
Pitch Naming & Functional Hearing,Moveable Do Awareness,1,4-5,"Short phrases, descriptive language",Icons + light text labels,"Generic scaffold — prompt/visual must be refined per skill + tier; interaction demands come from Agency, not age"
Pitch Naming & Functional Hearing,Moveable Do Awareness,1,6-7,Musical vocabulary introduced,"Reduced metaphors, cleaner UI","Generic scaffold — prompt/visual must be refined per skill + tier; interaction demands come from Agency, not age"
Pitch Naming & Functional Hearing,Moveable Do Awareness,2,2-3,"Simple words, expressive modeling, minimal text","Large icons, character animation, strong metaphors","Generic scaffold — prompt/visual must be refined per skill + tier; interaction demands come from Agency, not age"
Pitch Naming & Functional Hearing,Moveable Do Awareness,2,4-5,"Short phrases, descriptive language",Icons + light text labels,"Generic scaffold — prompt/visual must be refined per skill + tier; interaction demands come from Agency, not age"
Pitch Naming & Functional Hearing,Moveable Do Awareness,2,6-7,Musical vocabulary introduced,"Reduced metaphors, cleaner UI","Generic scaffold — prompt/visual must be refined per skill + tier; interaction demands come from Agency, not age"
Pitch Naming & Functional Hearing,Moveable Do Awareness,3,2-3,"Simple words, expressive modeling, minimal text","Large icons, character animation, strong metaphors","Generic scaffold — prompt/visual must be refined per skill + tier; interaction demands come from Agency, not age"
Pitch Naming & Functional Hearing,Moveable Do Awareness,3,4-5,"Short phrases, descriptive language",Icons + light text labels,"Generic scaffold — prompt/visual must be refined per skill + tier; interaction demands come from Agency, not age"
Pitch Naming & Functional Hearing,Moveable Do Awareness,3,6-7,Musical vocabulary introduced,"Reduced metaphors, cleaner UI","Generic scaffold — prompt/visual must be refined per skill + tier; interaction demands come from Agency, not age"
Pitch Naming & Functional Hearing,Moveable Do Awareness,4,2-3,"Simple words, expressive modeling, minimal text","Large icons, character animation, strong metaphors","Generic scaffold — prompt/visual must be refined per skill + tier; interaction demands come from Agency, not age"
Pitch Naming & Functional Hearing,Moveable Do Awareness,4,4-5,"Short phrases, descriptive language",Icons + light text labels,"Generic scaffold — prompt/visual must be refined per skill + tier; interaction demands come from Agency, not age"
Pitch Naming & Functional Hearing,Moveable Do Awareness,4,6-7,Musical vocabulary introduced,"Reduced metaphors, cleaner UI","Generic scaffold — prompt/visual must be refined per skill + tier; interaction demands come from Agency, not age"
